group,strategy,workload,size_mib,ranks,rtt_us,data_loss,seed,pdcs,total_window_packets,search_window_bdp,tail_copies,condition_id,job_id,duration_ms,goodput_pct,goodput_gbps,algorithm_gbps,data_amplification,realized_loss_pct,feedback_to_data_pct,max_receiver_ooo_mib,window_payload_mib,asymptotic_ceiling_pct,ideal_fluid_reference_pct,window_packets,packets,data_transmissions,retransmissions,physical_drops,ack_transmissions,ack_drops,forward_wire_bytes,reverse_wire_bytes,event_count,tail_redundant_transmissions,closure_ack_transmissions,duplicate_deliveries,early_retransmissions,timeout_retransmissions,wall_seconds,ack_loss,loss_model,path_spread_us
tuning,tuning,bulk,1024,8,1000,0.05,3,1,23675,2,1,895b2f0d6b1d99cb,03081b705f9cc3ea,46.897439359928015,45.79106401777106,183.16425607108422,183.16425607108425,1.0529823303222656,5.0051986537841495,0.6562868141918473,92.1875,92.48046875,92.12121212121212,88.33200900159481,23675,262144,276033,13889,13816,79709,3935,1165963392,7652064,1298102,0,8192,73,13885,4,7.103657583000313,0.05,iid,2
tuning,tuning,bulk,1024,8,1000,0.05,3,1,23675,2,2,496edf05cc766656,822df6763e4743a6,46.057121706584624,46.626527416996225,186.5061096679849,186.5061096679849,1.0544853210449219,5.003852735080148,0.6584592282624675,92.1875,92.48046875,92.12121212121212,88.33200900159481,23675,262144,276427,14283,13832,80087,3961,1167627648,7688352,1300231,423,8192,451,13856,4,7.093105541000114,0.05,iid,2
tuning,tuning,bulk,1024,8,1000,0.05,3,1,23675,2,3,ef63867e643d04c0,26556220d68742b0,44.956370559917964,47.768172146766794,191.07268858706718,191.07268858706718,1.0560874938964844,5.002763259128688,0.6607604397177699,92.1875,92.48046875,92.12121212121212,88.33200900159481,23675,262144,276847,14703,13850,80489,3979,1169401728,7726944,1301901,844,8192,853,13855,4,7.223515166999277,0.05,iid,2
tuning,tuning,bulk,1024,8,1000,0.05,3,2,47349,4,1,0fb920238ceabc96,5a83000a95006c5c,26.79483680007942,80.14542742031685,320.5817096812674,320.5817096812674,1.0525932312011719,4.974794423243492,0.6993760956708215,140.23046875,184.95703125,92.12121212121212,88.33200900159481,47349,262144,275931,13787,13727,84911,4279,1165532544,8151456,1265902,0,8192,60,13787,0,5.224781791999703,0.05,iid,2
tuning,tuning,bulk,1024,8,1000,0.05,3,2,47349,4,2,a921cba399a10d87,45021b2387c1bc31,25.401629973417027,84.54117512330335,338.1647004932134,338.1647004932134,1.0549774169921875,4.974037807894242,0.7026688002692862,140.23046875,184.95703125,92.12121212121212,88.33200900159481,47349,262144,276556,14412,13756,85504,4300,1168172544,8208384,1268873,664,8192,656,13748,0,5.3119882909995795,0.05,iid,2
tuning,tuning,bulk,1024,8,1000,0.05,3,2,47349,4,3,a65d4cf431fc6e28,d892d01770890a16,25.404013760083714,84.5332421986896,338.1329687947584,338.1329687947584,1.0575027465820312,4.977310275667525,0.7060901856694337,140.23046875,184.95703125,92.12121212121212,88.33200900159481,47349,262144,277218,15074,13798,86126,4322,1170968832,8268096,1272425,1326,8192,1276,13748,0,5.337978291998297,0.05,iid,2
tuning,tuning,bulk,1024,8,1000,0.05,3,3,94697,8,1,3c9e38ac9f2f061b,098b2a4628d1594b,26.4518684801,81.18457301477864,324.73829205911454,324.73829205911454,1.052886962890625,5.006014318425553,0.7123805370595319,137.12890625,369.91015625,92.12121212121212,88.33200900159481,94697,262144,276008,13864,13817,86514,4299,1165857792,8305344,1263229,0,8196,46,13864,0,4.642590040999494,0.05,iid,2
tuning,tuning,bulk,1024,8,1000,0.05,3,3,94697,8,2,22852273660958f8,e71ae61297e0c8ff,25.825364800096683,83.15404892139067,332.61619568556273,332.6161956855627,1.0553474426269531,5.006632857767673,0.7157472948554195,137.12890625,369.91015625,92.12121212121212,88.33200900159481,94697,262144,276653,14509,13851,87126,4331,1168582272,8364096,1266859,681,8196,658,13828,0,4.643337082998187,0.05,iid,2
tuning,tuning,bulk,1024,8,1000,0.05,3,3,94697,8,3,a0985e8956dbec4e,86d4cd2e5ac5f461,25.3518684801,84.70711536254899,338.82846145019596,338.82846145019596,1.05792236328125,5.003461605030866,0.7193320151261651,137.12890625,369.91015625,92.12121212121212,88.33200900159481,94697,262144,277328,15184,13876,87776,4370,1171433472,8426496,1269984,1358,8196,1308,13826,0,4.608298958999512,0.05,iid,2
tuning,tuning,bulk,1024,8,1000,0.05,7,1,23675,2,1,895b2f0d6b1d99cb,d73d6524072e2a63,46.12479477332359,46.55811822152547,186.23247288610185,186.23247288610187,1.0534133911132812,5.0411738717924575,0.6537796541091899,92.46875,92.48046875,92.12121212121212,88.33200900159481,23675,262144,276146,14002,13921,79437,4034,1166440704,7625952,1293296,0,8192,81,13996,6,7.161118709002039,0.05,iid,2
tuning,tuning,bulk,1024,8,1000,0.05,7,1,23675,2,2,496edf05cc766656,4c6fbf338d7c2a47,46.15578975998909,46.52685305932262,186.10741223729048,186.10741223729048,1.0543060302734375,5.045589405890441,0.6549529962041721,92.46875,92.48046875,92.12121212121212,88.33200900159481,23675,262144,276380,14236,13945,79647,4044,1167429120,7646112,1294565,242,8192,291,13988,6,7.096664124997915,0.05,iid,2
tuning,tuning,bulk,1024,8,1000,0.05,7,1,23675,2,3,ef63867e643d04c0,10b2cc4eb55534c0,45.07228170665506,47.645328052760135,190.58131221104054,190.58131221104054,1.0551948547363281,5.046400566856944,0.6562006715650976,92.46875,92.48046875,92.12121212121212,88.33200900159481,23675,262144,276613,14469,13959,79866,4054,1168413312,7667136,1295199,478,8192,510,13985,6,7.151316958999814,0.05,iid,2
tuning,tuning,bulk,1024,8,1000,0.05,7,2,47349,4,1,0fb920238ceabc96,e98199ba838b1fae,29.426916693410966,72.97684872573983,291.9073949029593,291.9073949029593,1.0529136657714844,5.00298896799087,0.6844489676944435,151.12890625,184.95703125,92.12121212121212,88.33200900159481,47349,262144,276015,13871,13809,83124,4120,1165887360,7979904,1275958,0,8192,62,13866,5,5.289561000001413,0.05,iid,2
tuning,tuning,bulk,1024,8,1000,0.05,7,2,47349,4,2,a921cba399a10d87,6865a65771a087a7,28.614326826745828,75.04924582020031,300.19698328080125,300.19698328080125,1.0557060241699219,5.003848280198159,0.6883379207198436,151.12890625,184.95703125,92.12121212121212,88.33200900159481,47349,262144,276747,14603,13848,83818,4147,1168979328,8046528,1279911,771,8192,755,13824,8,5.351568957998097,0.05,iid,2
tuning,tuning,bulk,1024,8,1000,0.05,7,2,47349,4,3,a65d4cf431fc6e28,00b5986e5ba07215,27.519235840079187,78.03572964305903,312.1429185722361,312.1429185722361,1.0586166381835938,5.001981910561781,0.6923911013853719,151.12890625,184.95703125,92.12121212121212,88.33200900159481,47349,262144,277510,15366,13881,84544,4186,1172202240,8116224,1283503,1540,8192,1485,13821,5,5.38333933299873,0.05,iid,2
tuning,tuning,bulk,1024,8,1000,0.05,7,3,94697,8,1,3c9e38ac9f2f061b,b78a765e60468f18,26.411308906766447,81.30924732207518,325.2369892883007,325.2369892883007,1.0522918701171875,4.951205719008744,0.7112921553454883,139.5390625,369.91015625,92.12121212121212,88.33200900159481,94697,262144,275852,13708,13658,86333,4309,1165198848,8287968,1262562,0,8196,49,13708,0,4.6512813749977795,0.05,iid,2
tuning,tuning,bulk,1024,8,1000,0.05,7,3,94697,8,2,22852273660958f8,9d2d3f0637ee0c61,26.11563808009822,82.22979815440617,328.9191926176247,328.9191926176247,1.0546684265136719,4.9545166832444165,0.7144900492400267,139.5390625,369.91015625,92.12121212121212,88.33200900159481,94697,262144,276475,14331,13698,86917,4346,1167830400,8344032,1266040,658,8196,633,13673,0,4.684236375000182,0.05,iid,2
tuning,tuning,bulk,1024,8,1000,0.05,7,3,94697,8,3,a0985e8956dbec4e,d8f48dffcff19232,25.345016426766627,84.73001602524366,338.9200641009746,338.9200641009746,1.0571670532226562,4.955075235449067,0.717885928166302,139.5390625,369.91015625,92.12121212121212,88.33200900159481,94697,262144,277130,14986,13732,87537,4385,1170597120,8403552,1268985,1314,8196,1254,13672,0,4.638514666999981,0.05,iid,2
tuning,tuning,bulk,1024,8,10000,0.05,3,8,236743,2,1,b506da1cbae92e37,9224db5a47a454fb,95.97480480008265,22.375493781657063,89.50197512662825,89.50197512662825,1.0528602600097656,4.998532614012268,1.214381304942571,902.18359375,924.77734375,92.12121212121212,64.46673490706914,236743,262144,276001,13857,13796,147475,7394,1165828224,14157600,1452660,0,8192,61,13853,4,5.016368917000364,0.05,iid,2
tuning,tuning,bulk,1024,8,10000,0.05,3,8,236743,2,2,49fcade9266db055,5a9786571b7a658a,66.0807272533792,32.497881564857984,129.99152625943194,129.99152625943194,1.0568809509277344,5.0000902347909255,1.217948192104948,902.18359375,924.77734375,92.12121212121212,64.46673490706914,236743,262144,277055,14911,13853,148473,7443,1170280320,14253408,1457946,1118,8192,1058,13789,4,4.972078916001919,0.05,iid,2
tuning,tuning,bulk,1024,8,10000,0.05,3,8,236743,2,3,d2cf2a6b4712809e,75668ff0e217b48e,66.01745173337838,32.52902969767665,130.1161187907066,130.1161187907066,1.0611343383789062,4.998741776611425,1.2217839319971109,902.18359375,924.77734375,92.12121212121212,64.46673490706914,236743,262144,278170,16026,13905,149540,7491,1174990080,14355840,1464001,2234,8192,2121,13788,4,5.034570291998534,0.05,iid,2
tuning,tuning,bulk,1024,8,10000,0.05,3,15,473485,4,1,1f81225f3940e53d,1076c38b91347b4d,76.47583520009587,28.08055175051305,112.3222070020522,112.32220700205221,1.0528297424316406,4.9954165504197565,2.2262587028722405,951.4609375,1849.55078125,92.12121212121212,64.46673490706914,473485,262144,275993,13849,13787,270350,13465,1165794432,25953600,1726502,0,8220,62,13847,2,5.43541583300248,0.05,iid,2
tuning,tuning,bulk,1024,8,10000,0.05,3,15,473485,4,2,2a9cb816c7002fb4,0302be982a0ca210,54.72184096009719,39.24362942332169,156.97451769328677,156.97451769328677,1.0764007568359375,4.994471457125441,2.2248116236003055,951.4609375,1849.55078125,92.12121212121212,64.46673490706914,473485,262144,282172,20028,14093,276223,13790,1191894528,26517408,1760218,6535,8220,5935,13492,1,5.494163749997824,0.05,iid,2
tuning,tuning,bulk,1024,8,10000,0.05,3,15,473485,4,3,66470402be2653e9,1580c9f74277d8ea,45.22116512009718,47.4884634727294,189.9538538909176,189.9538538909176,1.1011009216308594,5.000225188552107,2.2232172861661477,951.4609375,1849.55078125,92.12121212121212,64.46673490706914,473485,262144,288647,26503,14433,282359,14087,1219244928,27106464,1795362,13030,8220,12070,13472,1,5.772778709000704,0.05,iid,2
tuning,tuning,bulk,1024,8,10000,0.05,3,17,524288,8,1,e03e1f5813657ebc,e8faf39653223a03,65.22219872009454,32.92565553050535,131.7026221220214,131.7026221220214,1.052642822265625,4.981807903052793,2.1959495075417146,950.59765625,2048.0,92.12121212121212,64.46673490706914,524288,262144,275944,13800,13747,266622,13281,1165587456,25595712,1722541,0,8194,53,13799,1,5.415797292000207,0.05,iid,2
tuning,tuning,bulk,1024,8,10000,0.05,3,17,524288,8,2,4ccf9cfb55ac0714,4288ecd075b2dc97,54.53623840009621,39.37718682108834,157.50874728435335,157.50874728435335,1.0760765075683594,4.988531906823073,2.195011081365291,950.59765625,2048.0,92.12121212121212,64.46673490706914,524288,262144,282087,19943,14072,272441,13574,1191535488,26154336,1757339,6501,8194,5871,13441,1,5.4585361250028654,0.05,iid,2
tuning,tuning,bulk,1024,8,10000,0.05,3,17,524288,8,3,d5954db041626aa0,ec3003c871f39272,45.21204128009713,47.49804669724893,189.99218678899572,189.99218678899572,1.1007156372070312,4.986726553131909,2.194246009616869,950.59765625,2048.0,92.12121212121212,64.46673490706914,524288,262144,288546,26402,14389,278582,13888,1218818304,26743872,1792538,12974,8194,12013,13427,1,5.322710040996753,0.05,iid,2
tuning,tuning,bulk,1024,8,10000,0.05,7,8,236743,2,1,b506da1cbae92e37,75cf311541ff3c8d,87.46115093337623,24.553571786813684,98.21428714725475,98.21428714725474,1.0521469116210938,4.936660213042122,1.2079121832433848,902.5390625,924.77734375,92.12121212121212,64.46673490706914,236743,262144,275814,13670,13616,146590,7236,1165038336,14072640,1449670,0,8192,54,13670,0,5.0039620000025025,0.05,iid,2
tuning,tuning,bulk,1024,8,10000,0.05,7,8,236743,2,2,49fcade9266db055,4846502cd07cab67,87.24654421337206,24.6139680071232,98.45587202849282,98.4558720284928,1.056243896484375,4.934486146022941,1.2116155925205072,902.5390625,924.77734375,92.12121212121212,64.46673490706914,236743,262144,276888,14744,13663,147612,7288,1169574912,14170752,1455749,1132,8192,1081,13612,0,5.01437737499873,0.05,iid,2
tuning,tuning,bulk,1024,8,10000,0.05,7,8,236743,2,3,d2cf2a6b4712809e,7d90a1e4e615ca7b,76.29615232003675,28.14668345255507,112.58673381022028,112.5867338102203,1.0605278015136719,4.937934110520806,1.2154277087139456,902.5390625,924.77734375,92.12121212121212,64.46673490706914,236743,262144,278011,15867,13728,148677,7346,1174318464,14272992,1461696,2258,8192,2139,13609,0,5.248710042000312,0.05,iid,2
tuning,tuning,bulk,1024,8,10000,0.05,7,15,473485,4,1,1f81225f3940e53d,420bea1890533813,73.66593674674769,29.151650584214018,116.60660233685607,116.60660233685607,1.0528526306152344,4.998206515240997,2.226169133023868,960.65625,1849.55078125,92.12121212121212,64.46673490706914,473485,262144,275999,13855,13795,270345,13584,1165819776,25953120,1726282,0,8220,60,13855,0,5.40120633299739,0.05,iid,2
tuning,tuning,bulk,1024,8,10000,0.05,7,15,473485,4,2,2a9cb816c7002fb4,4ff802193d851b68,54.68424736009699,39.27060811240159,157.08243244960636,157.08243244960636,1.0760307312011719,5.014623770273864,2.2243600589785117,960.66015625,1849.55078125,92.12121212121212,64.46673490706914,473485,262144,282075,19931,14145,276072,13911,1191484800,26502912,1759222,6452,8220,5786,13479,0,5.534461208997527,0.05,iid,2
tuning,tuning,bulk,1024,8,10000,0.05,7,15,473485,4,3,66470402be2653e9,fb99b7d6d666bc5d,50.31958816007389,42.6768923697973,170.70756947918917,170.7075694791892,1.1004104614257812,5.013069131197438,2.2229656181317727,960.66015625,1849.55078125,92.12121212121212,64.46673490706914,473485,262144,288466,26322,14461,282150,14225,1218480384,27086400,1795760,12862,8220,11861,13460,0,5.692285957997228,0.05,iid,2
tuning,tuning,bulk,1024,8,10000,0.05,7,17,524288,8,1,e03e1f5813657ebc,0aef3db92ac7d732,76.24907253342802,28.164062547233364,112.65625018893347,112.65625018893346,1.0528221130371094,5.001250040762199,2.19547672997242,946.89453125,2048.0,92.12121212121212,64.46673490706914,524288,262144,275991,13847,13803,266610,13400,1165785984,25594560,1722325,0,8194,44,13847,0,5.504773084001499,0.05,iid,2
tuning,tuning,bulk,1024,8,10000,0.05,7,17,524288,8,2,4ccf9cfb55ac0714,538a23fca2ce00da,53.34505205342323,40.2564730061444,161.0258920245776,161.0258920245776,1.0764312744140625,4.996101779006308,2.1948031237314676,946.89453125,2048.0,92.12121212121212,64.46673490706914,524288,262144,282180,20036,14098,272505,13682,1191928320,26160480,1757526,6511,8194,5938,13525,0,5.5983167920021515,0.05,iid,2
tuning,tuning,bulk,1024,8,10000,0.05,7,17,524288,8,3,d5954db041626aa0,bc7108129bbdb447,43.74042656009728,49.09608380360577,196.3843352144231,196.3843352144231,1.1011543273925781,5.002061241386955,2.193891482018385,946.89453125,2048.0,92.12121212121212,64.46673490706914,524288,262144,288661,26517,14439,278648,13988,1219304064,26750208,1788610,13002,8194,12078,13515,0,5.415116457999829,0.05,iid,2
