condition_id,group,strategy,workload,size_mib,ranks,rtt_us,data_loss,ack_loss,loss_model,path_spread_us,pdcs,total_window_packets,search_window_bdp,tail_copies,window_payload_mib,trials,duration_ms,duration_ms_ci95,goodput_pct,goodput_pct_ci95,goodput_gbps,goodput_gbps_ci95,algorithm_gbps,algorithm_gbps_ci95,data_amplification,data_amplification_ci95,realized_loss_pct,realized_loss_pct_ci95,feedback_to_data_pct,feedback_to_data_pct_ci95,max_receiver_ooo_mib,max_receiver_ooo_mib_ci95,asymptotic_ceiling_pct,asymptotic_ceiling_pct_ci95,ideal_fluid_reference_pct,ideal_fluid_reference_pct_ci95,window_packets,window_packets_ci95,packets,packets_ci95,data_transmissions,data_transmissions_ci95,retransmissions,retransmissions_ci95,physical_drops,physical_drops_ci95,ack_transmissions,ack_transmissions_ci95,ack_drops,ack_drops_ci95,forward_wire_bytes,forward_wire_bytes_ci95,reverse_wire_bytes,reverse_wire_bytes_ci95,event_count,event_count_ci95,tail_redundant_transmissions,tail_redundant_transmissions_ci95,closure_ack_transmissions,closure_ack_transmissions_ci95,duplicate_deliveries,duplicate_deliveries_ci95,early_retransmissions,early_retransmissions_ci95,timeout_retransmissions,timeout_retransmissions_ci95
0fb920238ceabc96,tuning,tuning,bulk,1024,8,1000,0.05,0.05,iid,2,2,47349,4,1,184.95703125,2,28.11087674674519,16.72187300365849,76.56113807302833,45.54271428126038,306.2445522921133,182.17085712504152,306.2445522921133,182.17085712504152,1.0527534484863281,0.002035753627510635,4.9888916956171805,0.17912282900534,0.6919125316826324,0.09483357209739084,145.6796875,69.23888909110457,92.12121212121212,0.0,88.33200900159481,0.0,47349.0,0.0,262144.0,0.0,275973.0,533.6605989301479,13829.0,533.6605989301479,13768.0,520.9543941937159,84017.5,11352.993932002077,4199.5,1010.1432765463516,1165709952.0,2254182.369880945,8065680.0,1089887.4174721993,1270930.0,63886.79741478057,0.0,0.0,8192.0,0.0,61.0,12.706204736432094,13826.5,501.8950870890678,2.5,31.76551184108024
22852273660958f8,tuning,tuning,bulk,1024,8,1000,0.05,0.05,iid,2,3,94697,8,2,369.91015625,2,25.97050144009745,1.8441358626075963,82.69192353789842,5.871859736554724,330.7676941515937,23.487438946219253,330.7676941515937,23.487438946218894,1.0550079345703125,0.004313858877343965,4.980574770506045,0.3310993917860593,0.7151186720477232,0.007987410096581656,138.333984375,15.311969379645708,92.12121212121212,0.0,88.33200900159481,0.0,94697.0,0.0,262144.0,0.0,276564.0,1130.8522215424564,14420.0,1130.8522215424564,13774.5,972.0246623370552,87021.5,1327.798394957154,4338.5,95.2965355232407,1168206336.0,4776719.783795336,8354064.0,127468.64591588677,1266449.5,5203.1908395689425,669.5,146.1213544689691,8196.0,0.0,645.5,158.82755920540117,13750.5,984.7308670734874,0.0,0.0
3c9e38ac9f2f061b,tuning,tuning,bulk,1024,8,1000,0.05,0.05,iid,2,3,94697,8,1,369.91015625,2,26.431588693433223,0.2576791213992286,81.24691016842691,0.7920686369413713,324.98764067370763,3.1682745477654852,324.98764067370763,3.1682745477654852,1.0525894165039062,0.0037806853082340366,4.9786100187171485,0.34820464275353424,0.7118363462025101,0.006914600445013269,138.333984375,15.311969379645708,92.12121212121212,0.0,88.33200900159481,0.0,94697.0,0.0,262144.0,0.0,275930.0,991.0839694417033,13786.0,991.0839694417033,13737.5,1010.1432765463516,86423.5,1149.9115286471047,4304.0,63.53102368216048,1165528320.0,4186338.686921755,8296656.0,110391.50675012202,1262895.5,4237.519279600104,0.0,0.0,8196.0,0.0,47.5,19.05930710464814,13786.0,991.0839694417033,0.0,0.0
496edf05cc766656,tuning,tuning,bulk,1024,8,1000,0.05,0.05,iid,2,1,23675,2,2,92.48046875,2,46.10645573328686,0.6268482437511842,46.57669023815942,0.6332413977866032,186.3067609526377,2.5329655911464126,186.3067609526377,2.5329655911464126,1.0543956756591797,0.0011390526249166648,5.0247210704852945,0.2651573421663252,0.6567061122333198,0.022275451193071318,92.328125,1.7868100410607635,92.12121212121212,0.0,88.33200900159481,0.0,23675.0,0.0,262144.0,0.0,276403.5,298.5958113061542,14259.5,298.5958113061542,13888.5,717.9005676084134,79867.0,2795.3650420150607,4002.5,527.3074965619319,1167528384.0,1261268.7069571957,7667232.0,268355.0440334458,1297398.0,35996.67801831212,332.5,1149.9115286471047,8192.0,0.0,371.0,1016.4963789145677,13922.0,838.6095126045182,5.0,12.706204736432094
895b2f0d6b1d99cb,tuning,tuning,bulk,1024,8,1000,0.05,0.05,iid,2,1,23675,2,1,92.48046875,2,46.5111170666258,4.908690152945859,46.17459111964827,4.873173878422186,184.69836447859302,19.492695513688744,184.69836447859308,19.492695513688744,1.0531978607177734,0.00273857333224645,5.023186262788304,0.2285542427256698,0.6550332341505186,0.0159282446586274,92.328125,1.7868100410607635,92.12121212121212,0.0,88.33200900159481,0.0,23675.0,0.0,262144.0,0.0,276089.5,717.9005676084134,13945.5,717.9005676084134,13868.5,667.075748662685,79573.0,1728.0438441547647,3984.5,628.9571344533887,1166202048.0,3032411.9975779383,7639008.0,165892.20903885743,1295699.0,30533.009981646326,0.0,0.0,8192.0,0.0,77.0,50.824818945728374,13940.5,705.1943628719812,5.0,12.706204736432094
a0985e8956dbec4e,tuning,tuning,bulk,1024,8,1000,0.05,0.05,iid,2,3,94697,8,3,369.91015625,2,25.348442453433314,0.04353179625938704,84.71856569389632,0.14549025439920618,338.8742627755853,0.5819610175968247,338.8742627755853,0.5819610175968247,1.0575447082519531,0.0047985621219893545,4.979268420239967,0.30740355917950263,0.7186089716462336,0.009187138489352197,138.333984375,15.311969379645708,92.12121212121212,0.0,88.33200900159481,0.0,94697.0,0.0,262144.0,0.0,277229.0,1257.9142689067774,15085.0,1257.9142689067774,13804.0,914.8467410231109,87656.5,1518.3914660036355,4377.5,95.2965355232407,1171015296.0,5313429.871862228,8415024.0,145765.580736349,1269484.5,6346.749265847831,1336.0,279.5365042015061,8196.0,0.0,1281.0,343.06752788366657,13749.0,978.3777647052713,0.0,0.0
a65d4cf431fc6e28,tuning,tuning,bulk,1024,8,1000,0.05,0.05,iid,2,2,47349,4,3,184.95703125,2,26.461624800081452,13.438222405722112,81.28448592087432,41.27936240469013,325.13794368349727,165.11744961876053,325.13794368349727,165.11744961876053,1.0580596923828125,0.007076667371822685,4.989646093114653,0.1567414220744591,0.6992406435274028,0.08703168480746463,145.6796875,69.23888909110457,92.12121212121212,0.0,88.33200900159481,0.0,47349.0,0.0,262144.0,0.0,277364.0,1855.1058915190858,15220.0,1855.1058915190858,13839.5,527.3074965619319,85335.0,10050.607946517786,4254.0,864.0219220773823,1171585536.0,7835967.285776618,8192160.0,964858.3628657076,1277964.0,70379.66803509738,1433.0,1359.5639067982343,8192.0,0.0,1380.5,1327.798394957154,13784.5,463.77647287977146,2.5,31.76551184108024
a921cba399a10d87,tuning,tuning,bulk,1024,8,1000,0.05,0.05,iid,2,2,47349,4,2,184.95703125,2,27.007978400081427,20.410591987243446,79.79521047175183,60.30319853448319,319.1808418870073,241.21279413793275,319.1808418870073,241.21279413793275,1.0553417205810547,0.004628915986363469,4.9889430440462,0.1893889821916553,0.6955033604945648,0.09104554480418318,145.6796875,69.23888909110457,92.12121212121212,0.0,88.33200900159481,0.0,47349.0,0.0,262144.0,0.0,276651.5,1213.4425523292653,14507.5,1213.4425523292653,13802.0,584.4854178758764,84661.0,10711.330592812257,4223.5,972.0246623370552,1168575936.0,5125581.341038816,8127456.0,1028287.7369099765,1274392.0,70125.54394036873,717.5,679.7819533991171,8192.0,0.0,705.5,628.9571344533887,13786.0,482.83577998441956,4.0,50.824818945728374
ef63867e643d04c0,tuning,tuning,bulk,1024,8,1000,0.05,0.05,iid,2,1,23675,2,3,92.48046875,2,45.01432613328652,0.7363953808380931,47.70675009976347,0.7804411045550605,190.82700039905387,3.121764418220242,190.82700039905387,3.121764418220242,1.0556411743164062,0.005671027962351055,5.024581912992816,0.27723228307095366,0.6584805556414337,0.028968673849258043,92.328125,1.7868100410607635,92.12121212121212,0.0,88.33200900159481,0.0,23675.0,0.0,262144.0,0.0,276730.0,1486.625954162555,14586.0,1486.625954162555,13904.5,692.488158135549,80177.5,3957.982775398597,4016.5,476.48267761620355,1168907520.0,6279508.030382633,7697040.0,379966.3464382654,1298550.0,42578.49207178395,661.0,2325.235466767073,8192.0,0.0,681.5,2179.1141122981044,13920.0,825.9033078680861,5.0,12.706204736432094
1f81225f3940e53d,tuning,tuning,bulk,1024,8,10000,0.05,0.05,iid,2,15,473485,4,1,1849.55078125,2,75.07088597342178,17.851572518412947,28.61610116736353,6.804800536979071,114.46440466945413,27.219202147916285,114.46440466945414,27.219202147916196,1.0528411865234375,0.0001454109733936168,4.996811532830376,0.017724932113063176,2.226213917948054,0.0005690464158160498,956.05859375,58.41876162023662,92.12121212121212,0.0,64.46673490706914,0.0,473485.0,0.0,262144.0,0.0,275996.0,38.11861420929628,13852.0,38.11861420929628,13791.0,50.824818945728374,270347.5,31.76551184108024,13524.5,756.0191818177095,1165807104.0,161013.0264200675,25953360.0,3049.4891367437026,1726392.0,1397.6825210075303,0.0,0.0,8220.0,0.0,61.0,12.706204736432094,13851.0,50.824818945728374,1.0,12.706204736432094
2a9cb816c7002fb4,tuning,tuning,bulk,1024,8,10000,0.05,0.05,iid,2,15,473485,4,2,1849.55078125,2,54.70304416009709,0.23883598919103713,39.25711876786164,0.1713983734848572,157.02847507144656,0.6855934939394288,157.02847507144656,0.6855934939394288,1.0762157440185547,0.0023508107365301386,5.0045476136996525,0.1280297083882728,2.2245858412894086,0.0028688362681204126,956.060546875,58.443578426362464,92.12121212121212,0.0,64.46673490706914,0.0,473485.0,0.0,262144.0,0.0,282123.5,616.2509297169566,19979.5,616.2509297169566,14119.0,330.36132314723443,276147.5,959.318457600623,13850.5,768.7253865541417,1191689664.0,2603043.927124425,26510160.0,92094.57192965981,1759720.0,6327.689958743183,6493.5,527.3074965619319,8220.0,0.0,5860.5,946.612252864191,13485.5,82.59033078680861,0.5,6.353102368216047
49fcade9266db055,tuning,tuning,bulk,1024,8,10000,0.05,0.05,iid,2,8,236743,2,2,924.77734375,2,76.66363573337563,134.46860185375806,28.55592478599059,50.08730989445545,114.22369914396238,200.34923957782175,114.22369914396236,200.3492395778218,1.0565624237060547,0.004047272092789001,4.967288190406933,0.41678949171653823,1.2147818923127276,0.0402316534168746,902.361328125,2.2583293574517977,92.12121212121212,0.0,64.46673490706914,0.0,236743.0,0.0,262144.0,0.0,276971.5,1060.9680954920798,14827.5,1060.9680954920798,13758.0,1207.089449961049,148042.5,5470.021139034016,7365.5,984.7308670734874,1169927616.0,4481529.235358546,14212080.0,525122.0293472656,1456847.5,13957.765902970654,1125.0,88.94343315502466,8192.0,0.0,1069.5,146.1213544689691,13700.5,1124.4991191742404,2.0,25.412409472864187
4ccf9cfb55ac0714,tuning,tuning,bulk,1024,8,10000,0.05,0.05,iid,2,17,524288,8,2,2048.0,2,53.94064522675972,7.567728800034721,39.81682991361637,5.586195144619308,159.26731965446547,22.34478057847723,159.26731965446547,22.34478057847723,1.076253890991211,0.002253870087601061,4.99231684291469,0.04809217289440386,2.1949071025483793,0.001321176135932169,948.74609375,23.52633220730005,92.12121212121212,0.0,64.46673490706914,0.0,524288.0,0.0,262144.0,0.0,282133.5,590.8385202440925,19989.5,590.8385202440925,14085.0,165.18066157361721,272473.0,406.598551565827,13628.0,686.1350557673331,1191731904.0,2495701.9095110465,26157408.0,39033.46095031939,1757432.5,1188.0301428564007,6506.0,63.53102368216048,8194.0,0.0,5904.5,425.65785867047515,13483.0,533.6605989301479,0.5,6.353102368216047
66470402be2653e9,tuning,tuning,bulk,1024,8,10000,0.05,0.05,iid,2,15,473485,4,3,1849.55078125,2,47.77037664008554,32.390803489443286,45.082677921263354,30.568403768877815,180.3307116850534,122.27361507551144,180.33071168505342,122.27361507551126,1.1007556915283203,0.004386564364040774,5.006647159874772,0.08159888243728244,2.22309145214896,0.0015988727851916455,956.060546875,58.443578426362464,92.12121212121212,0.0,64.46673490706914,0.0,473485.0,0.0,262144.0,0.0,288556.5,1149.9115286471047,26412.5,1149.9115286471047,14447.0,177.88686631004933,282254.5,1327.798394957154,14156.0,876.7281268138146,1218862656.0,4857226.29700537,27096432.0,127468.64591588677,1795561.0,2528.5347425499867,12946.0,1067.3211978602958,8220.0,0.0,11965.5,1327.798394957154,13466.0,76.23722841859257,0.5,6.353102368216047
b506da1cbae92e37,tuning,tuning,bulk,1024,8,10000,0.05,0.05,iid,2,8,236743,2,1,924.77734375,2,91.71797786672944,54.08811454274426,23.464532784235374,13.837552532719812,93.8581311369415,55.35021013087934,93.8581311369415,55.35021013087925,1.0525035858154297,0.00453197533743439,4.967596413527195,0.39308169713064256,1.2111467440929777,0.04109899238737716,902.361328125,2.2583293574517977,92.12121212121212,0.0,64.46673490706914,0.0,236743.0,0.0,262144.0,0.0,275907.5,1188.0301428564007,13763.5,1188.0301428564007,13706.0,1143.5584262788884,147032.5,5622.495595871203,7315.0,1003.7901741781355,1165433280.0,5018239.323425437,14115120.0,539759.5772036354,1451165.0,18995.77608096598,0.0,0.0,8192.0,0.0,57.5,44.47171657751233,13761.5,1162.6177333835365,2.0,25.412409472864187
d2cf2a6b4712809e,tuning,tuning,bulk,1024,8,10000,0.05,0.05,iid,2,8,236743,2,3,924.77734375,2,71.15680202670757,65.301637039283,30.337856575115858,27.841494308224597,121.35142630046343,111.36597723289839,121.35142630046344,111.3659772328983,1.060831069946289,0.0038533907949308455,4.968337943566116,0.38631732744600045,1.2186058203555281,0.040381737193187564,902.361328125,2.2583293574517977,92.12121212121212,0.0,64.46673490706914,0.0,236743.0,0.0,262144.0,0.0,278090.5,1010.1432765463516,15946.5,1010.1432765463516,13816.5,1124.4991191742404,149108.5,5482.72734377045,7418.5,921.1998433913269,1174654272.0,4266845.200131788,14314416.0,526341.8250019631,1462848.5,14643.90095873799,2246.0,152.47445683718513,8192.0,0.0,2130.0,114.35584262788886,13698.5,1137.2053239106724,2.0,25.412409472864187
d5954db041626aa0,tuning,tuning,bulk,1024,8,10000,0.05,0.05,iid,2,17,524288,8,3,2048.0,2,44.47623392009721,9.349318962732635,48.29706525042735,10.152493324892768,193.1882610017094,40.609973299571074,193.1882610017094,40.609973299571074,1.1009349822998047,0.002787043656710989,4.994393897259432,0.0974228442689877,2.194068745817627,0.0022523501255279194,948.74609375,23.52633220730005,92.12121212121212,0.0,64.46673490706914,0.0,524288.0,0.0,262144.0,0.0,288603.5,730.6067723448455,26459.5,730.6067723448455,14414.0,317.65511841080234,278615.0,419.3047563022591,13938.0,635.3102368216047,1219061184.0,3086083.0063846274,26747040.0,40253.256605016875,1790574.0,24954.986102352635,12988.0,177.88686631004933,8194.0,0.0,12045.5,412.95165393404307,13471.0,559.0730084030122,0.5,6.353102368216047
e03e1f5813657ebc,tuning,tuning,bulk,1024,8,10000,0.05,0.05,iid,2,17,524288,8,1,2048.0,2,70.73563562676128,70.05485813750845,30.544859038869358,30.250887658506183,122.17943615547745,121.00355063402466,122.17943615547743,121.00355063402473,1.0527324676513672,0.0011390526249166648,4.991528971907496,0.12351789112480592,2.1957131187570673,0.003003604295124541,948.74609375,23.52633220730005,92.12121212121212,0.0,64.46673490706914,0.0,524288.0,0.0,262144.0,0.0,275967.5,298.5958113061542,13823.5,298.5958113061542,13775.0,355.77373262009866,266616.0,76.23722841859257,13340.5,756.0191818177095,1165686720.0,1261268.7069571957,25595136.0,7318.773928184887,1722433.0,1372.2701115346663,0.0,0.0,8194.0,0.0,48.5,57.17792131394443,13823.0,304.94891367437026,0.5,6.353102368216047
