condition,seed,job_id,size_mib,rtt_us,data_loss,ack_loss,policy,workload,ranks,steps,tensor_bytes_per_rank,payload_bytes_per_rank,total_unique_payload_bytes,duration_ms,final_confirmation_ms,goodput_pct,bus_gbps,algorithm_gbps,data_amplification,observed_data_loss_pct,observed_ack_loss_pct,feedback_to_data_pct,wire_payload_efficiency_pct,mean_nic_tx_utilization_pct,window_packets_per_connection,window_payload_mib_per_connection,max_receiver_ooo_mib,max_ingress_queue_bytes,tail_redundant_transmissions,closure_ack_transmissions,packets,event_count,data_transmissions,retransmissions,physical_drops,trim_events,out_of_order_discards,duplicate_deliveries,ack_transmissions,ack_drops,nack_transmissions,early_retransmissions,timeout_retransmissions,forward_wire_bytes,reverse_wire_bytes
acceptance,11,784f8c21dc35c0e8b5a5,1024,10,0.05,0.05,coverage,ring_allreduce,8,14,1073741824,1879048192,15032385536,41.44468170665552,41.44468170665552,90.67740972411653,362.7096388964661,207.26265079798063,1.0541460854666573,5.012674692205433,4.962653429434146,0.6284122194292268,91.41440101276503,99.19379082454898,947,3.69921875,2.7578125,16992,1957,114688,3670016,23161737,3868733,198717,193927,0,0,4790,1069710,53086,0,197439,106,16341528192,102692160
acceptance,29,7b5487d283ddff9388d4,1024,10,0.05,0.05,coverage,ring_allreduce,8,14,1073741824,1879048192,15032385536,41.43776906665554,41.43776906665554,90.69253651070935,362.7701460428374,207.2972263101928,1.053877694266183,4.99978281935638,5.0330667414994625,0.628184434691477,91.43788851371151,99.18485431464178,947,3.69921875,2.671875,12768,1683,114688,3670016,23154172,3867748,197732,193379,0,0,4353,1069050,53806,0,196817,66,16337367552,102628800
acceptance,47,76d8febdb44104aadb48,1024,10,0.05,0.05,coverage,ring_allreduce,8,14,1073741824,1879048192,15032385536,41.44388853332209,41.44388853332209,90.6791451525689,362.7165806102756,207.2666174915861,1.0539687020438058,5.002608527947443,5.0345093924832085,0.6283470017628187,91.42984535502005,99.17893309396273,947,3.69921875,2.69921875,16896,1776,114688,3670016,23156625,3868082,198066,193505,0,0,4561,1069419,53840,0,196994,79,16338778368,102664224
acceptance,71,6d709a46e7de86080fe1,1024,10,0.05,0.05,coverage,ring_allreduce,8,14,1073741824,1879048192,15032385536,41.43688607998901,41.43688607998901,90.694469095613,362.777876382452,207.30164364711544,1.0538695199148995,4.991754828040721,4.991631368808849,0.6284361053116169,91.43836906583076,99.18644658930633,947,3.69921875,2.66796875,16992,1827,114688,3670016,23156749,3867718,197702,193067,0,0,4635,1069470,53384,0,196645,67,16337240832,102669120
acceptance,101,c136716f83d9264d7e3b,1024,10,0.05,0.05,coverage,ring_allreduce,8,14,1073741824,1879048192,15032385536,41.45465546665509,41.45465546665509,90.65559324266734,362.6223729706693,207.21278455466822,1.0541482652936662,5.018635261445519,5.007665270714926,0.6284402929202878,91.41418647804042,99.17015808530408,947,3.69921875,2.7578125,16896,1802,114688,3670016,23160673,3868741,198725,194158,0,0,4567,1069760,53570,0,197718,76,16341561984,102696960
acceptance,131,2b2c3e1f57ae7140272d,1024,10,0.05,0.05,coverage,ring_allreduce,8,14,1073741824,1879048192,15032385536,41.43133279998903,41.43133279998903,90.7066253973127,362.8265015892508,207.3294294795719,1.0537975856236048,4.986432934948936,4.9865550541305215,0.6283056454758562,91.44472938196299,99.19284141400075,947,3.69921875,2.66796875,12864,1828,114688,3670016,23155308,3867454,197438,192848,0,0,4590,1069175,53315,0,196342,113,16336125696,102640800
acceptance,173,66ee51032c85cf1acbf7,1024,10,0.05,0.05,coverage,ring_allreduce,8,14,1073741824,1879048192,15032385536,41.42835743998935,41.42835743998935,90.71313989321817,362.8525595728727,207.34431975592727,1.053884506225586,4.994760550838945,4.969532976100426,0.6284547863965787,91.43705183113042,99.2082947520561,947,3.69921875,2.6171875,12768,1739,114688,3670016,23157665,3867773,197757,193186,0,0,4571,1069517,53150,0,196725,91,16337473152,102673632
acceptance,211,4bad630e4803759a51f2,1024,10,0.05,0.05,coverage,ring_allreduce,8,14,1073741824,1879048192,15032385536,41.44873013332193,41.44873013332193,90.66855297887035,362.6742119154814,207.24240680884654,1.0542954036167689,5.0292289446023695,4.984780153619481,0.6282915000581151,91.40156378957295,99.1980325277693,947,3.69921875,2.71484375,12864,1728,114688,3670016,23162836,3869281,199265,194595,0,0,4670,1069656,53320,0,198277,91,16343842944,102686976
acceptance,257,341480ee059ccec5753c,1024,10,0.05,0.05,coverage,ring_allreduce,8,14,1073741824,1879048192,15032385536,41.44916383998867,41.44916383998867,90.66760426115817,362.6704170446327,207.24023831121866,1.0540131160191126,5.006456416281802,4.970643193691326,0.6282259314448331,91.42610268544439,99.17036994686751,947,3.69921875,2.6796875,12864,1785,114688,3670016,23158606,3868245,198229,193662,0,0,4567,1069258,53149,0,197193,98,16339466880,102648768
acceptance,307,e21b0b87c7a1c5053270,1024,10,0.05,0.05,coverage,ring_allreduce,8,14,1073741824,1879048192,15032385536,41.436605333322376,41.436605333322376,90.69508358055153,362.7803343222061,207.30304818411778,1.05411011832101,5.011630819513307,4.999298888504576,0.6284454110037571,91.41748999749004,99.20977220337339,947,3.69921875,2.6328125,12768,1885,114688,3670016,23160511,3868601,198585,193880,0,0,4705,1069730,53479,0,197468,90,16340970624,102694080
baseline_recovery,11,f0170555fbbe940ae59c,1024,10,0.05,0.05,baseline,ring_allreduce,8,14,1073741824,1879048192,15032385536,41.65353141330571,41.65353141330571,90.22275558608513,360.8910223443405,206.22344133962315,1.0536888667515345,5.012496589782147,4.966128123484938,0.5830846612074188,91.49528131251326,98.60918977659442,947,3.69921875,2.65625,12768,0,0,3670016,22771731,3867055,197039,193836,0,0,3203,992121,49270,0,197061,5,16334440320,95243616
baseline_recovery,29,5b679377651ac91361be,1024,10,0.05,0.05,baseline,ring_allreduce,8,14,1073741824,1879048192,15032385536,41.72589141330314,41.72589141330314,90.06629353403905,360.2651741361562,205.86581379208926,1.0535330091203963,4.999737487530657,5.0299294922473745,0.5829022960095307,91.50898286019445,98.4234451295787,947,3.69921875,3.67578125,12768,0,0,3670016,22766554,3866483,196467,193314,0,0,3152,991664,49880,0,196479,5,16332024192,95199744
baseline_recovery,47,fe69e7bb838ac8067362,1024,10,0.05,0.05,baseline,ring_allreduce,8,14,1073741824,1879048192,15032385536,41.72486474663659,41.72486474663659,90.06850967211193,360.2740386884477,205.87087925054155,1.053586414882115,5.002639215719743,5.023082350569499,0.5831290177624591,91.50413805869736,98.43107818177083,947,3.69921875,2.6328125,12768,0,0,3670016,22769062,3866679,196663,193436,0,0,3227,992100,49834,0,196674,7,16332852096,95241600
baseline_recovery,71,1eff18e68399dbb2e733,1024,10,0.05,0.05,baseline,ring_allreduce,8,14,1073741824,1879048192,15032385536,41.75619519996805,41.75619519996805,90.00092958668024,360.003718346721,205.71641048384058,1.053438459123884,4.991702309489371,4.9942020509614515,0.5829934120739204,91.5171132261909,98.3432785562594,947,3.69921875,3.24609375,12768,0,0,3670016,22765852,3866136,196120,192986,0,0,3134,991730,49529,0,196137,9,16330558464,95206080
baseline_recovery,101,07a8c89f62f36ae465ea,1024,10,0.05,0.05,baseline,ring_allreduce,8,14,1073741824,1879048192,15032385536,41.66048373330561,41.66048373330561,90.20769917262332,360.8307966904933,206.18902668028187,1.0537449972970145,5.0183838122123126,5.005029521983748,0.5830659430067383,91.49042459773847,98.59796756791218,947,3.69921875,3.2421875,12768,0,0,3670016,22771175,3867261,197245,194074,0,0,3171,992142,49657,0,197266,2,16335310464,95245632
higher_rtt,11,f612c5905f2d9a200b3b,1024,50,0.05,0.05,coverage,ring_allreduce,8,14,1073741824,1879048192,15032385536,42.558804106618524,42.558804106618524,88.30361808534842,353.21447234139373,201.83684133793923,1.0550147465297155,5.012808887371411,4.965537520692841,0.6307927112806655,91.33697300328951,96.67894082954571,4735,18.49609375,11.8671875,12864,7656,114688,3670016,23212109,3871921,201905,194092,0,0,7813,1074647,53362,0,194238,24,16354994304,103166112
higher_rtt,29,5945dae82df40d22294f,1024,50,0.05,0.05,coverage,ring_allreduce,8,14,1073741824,1879048192,15032385536,42.54090058661957,42.54090058661957,88.34078104077649,353.36312416310597,201.92178523606057,1.0547425406319755,4.999480743864123,5.03299085418657,0.6305368826623453,91.36077733306365,96.69442798053535,4735,18.49609375,11.8984375,12864,7156,114688,3670016,23203820,3870922,200906,193526,0,0,7380,1073934,54051,0,193759,2,16350774528,103097664
higher_rtt,47,14af47a1f75c513c6cf8,1024,50,0.05,0.05,coverage,ring_allreduce,8,14,1073741824,1879048192,15032385536,42.59739205328408,42.59739205328408,88.22362597454523,352.8945038981809,201.65400222753198,1.054795401436942,5.002898388991702,5.034254419369436,0.6305569481537342,91.3561805945904,96.57105343102461,4735,18.49609375,11.85546875,16896,7231,114688,3670016,23205009,3871116,201100,193668,0,0,7432,1074022,54069,0,193855,24,16351593984,103106112
higher_rtt,71,62fadc2b99c0093439e1,1024,50,0.05,0.05,coverage,ring_allreduce,8,14,1073741824,1879048192,15032385536,42.55012895995254,42.55012895995254,88.32162148173644,353.2864859269458,201.8779919582547,1.054664066859654,4.9920503979451425,4.989719598319378,0.630556788746894,91.36755708724175,96.6662831943762,4735,18.49609375,11.97265625,12768,7177,114688,3670016,23203949,3870634,200618,193224,0,0,7394,1073888,53584,0,193436,13,16349558016,103093248
higher_rtt,101,879363a29df93a4bf095,1024,50,0.05,0.05,coverage,ring_allreduce,8,14,1073741824,1879048192,15032385536,42.58275429328521,42.58275429328521,88.25395271795762,353.01581087183047,201.72332049818885,1.0550719669886999,5.018735161594481,5.008468897740387,0.6306839590630867,91.33211816417675,96.6297010207451,4735,18.49609375,11.8359375,16992,7583,114688,3670016,23211377,3872131,202115,194332,0,0,7783,1074520,53817,0,194508,41,16355881344,103153920
lossless_reference,11,0294560a054b70a0a3f9,1024,10,0.0,0.0,coverage,ring_allreduce,8,14,1073741824,1879048192,15032385536,39.144112000058904,39.144112000058904,96.00668381478023,384.0267352591209,219.44384871949768,1.0,0.0,0.0,0.6039012562144886,96.3876109761767,99.60479655264966,947,3.69921875,0.046875,8640,0,114688,3670016,22368688,3670016,0,0,0,0,0,975184,0,0,0,0,15502147584,93617664
medium_tensor,11,0f74994fee8df9a1a19a,256,10,0.05,0.05,coverage,ring_allreduce,8,14,268435456,469762048,3758096384,10.598812480029652,10.598812480029652,88.64427951435664,354.57711805742656,202.61549603281517,1.0557904924665178,5.027088073402072,5.0330958554034275,0.6316342974950665,91.26909953400583,97.12408686724119,947,3.69921875,2.671875,12768,1794,28672,917504,5806532,968692,51188,48697,0,0,2491,269218,13550,0,49537,50,4091755008,25844928
medium_tensor,29,29b60bc3975483dfd93f,256,10,0.05,0.05,coverage,ring_allreduce,8,14,268435456,469762048,3758096384,10.59492618669629,10.59492618669629,88.67679485863059,354.70717943452235,202.68981681972704,1.0553272792271204,4.991908223661449,5.039434523809524,0.6309304054657351,91.30979883288796,97.11640589738215,947,3.69921875,2.1796875,12768,1811,28672,917504,5803821,968267,50763,48335,0,0,2428,268800,13546,0,49096,29,4089959808,25804800
medium_tensor,47,46506124cf1236df27d1,256,10,0.05,0.05,coverage,ring_allreduce,8,14,268435456,469762048,3758096384,10.588119573362933,10.588119573362933,88.73380107678499,354.93520430713994,202.8201167469371,1.0554493495396204,4.996184345178902,4.953066821252592,0.6315755974205817,91.29865283921013,97.19070141490234,947,3.69921875,2.16796875,16896,1845,28672,917504,5805708,968379,50875,48382,0,0,2493,269106,13329,0,49202,12,4090432896,25834176
medium_tensor,71,be357a404725b4382418,256,10,0.05,0.05,coverage,ring_allreduce,8,14,268435456,469762048,3758096384,10.592311786696285,10.592311786696285,88.69868211206,354.79472844824,202.7398448275657,1.0551725115094865,4.980865074241446,4.977905731119443,0.6311356300252362,91.3230054805073,97.12632829522076,947,3.69921875,2.21875,12768,1736,28672,917504,5803491,968125,50621,48221,0,0,2400,268848,13383,0,49064,14,4089360000,25809408
medium_tensor,101,e2fc546e7c7d7a711fb3,256,10,0.05,0.05,coverage,ring_allreduce,8,14,268435456,469762048,3758096384,10.601076746696261,10.601076746696261,88.62534612748605,354.50138450994416,202.57221971996813,1.0553349086216517,4.980614991211166,5.0588401465985715,0.631475087724042,91.3086444978268,97.06128769614511,947,3.69921875,2.17578125,12864,1821,28672,917504,5804577,968274,50770,48226,0,0,2544,269034,13610,0,49110,46,4089989376,25827264
permutation,11,98fc883d7abbda888391,128,10,0.05,0.05,coverage,permutation,8,1,134217728,134217728,1073741824,2.9624393066657,2.9624393066657,90.6129807945773,362.45192317830913,362.4519231783092,1.0536766052246094,4.97873033687526,4.9957441236168405,0.6283395839538699,91.4551979825277,99.07909314448011,947,3.69921875,2.171875,12768,114,8192,262144,1653669,276215,14071,13752,0,0,319,76365,3815,0,14003,6,1166732160,7331040
permutation,29,e7f23330005e7e2b283f,128,10,0.05,0.05,coverage,permutation,8,1,134217728,134217728,1073741824,2.9578148799990345,2.9578148799990345,90.75465060886015,363.0186024354405,363.0186024354406,1.0532608032226562,4.9430291264948965,5.106092973879766,0.6280608303925436,91.49155573587873,99.19456487422086,947,3.69921875,2.08984375,12768,131,8192,262144,1652972,276106,13962,13648,0,0,314,76301,3896,0,13877,9,1166271744,7324896
permutation,47,2b92f0c3793cf1666fc3,128,10,0.05,0.05,coverage,permutation,8,1,134217728,134217728,1073741824,2.959090399999033,2.959090399999033,90.71553069148808,362.8621227659524,362.86212276595234,1.0534744262695312,4.959045777478437,5.008909386300508,0.6281227553524249,91.4729468303508,99.17197798353708,947,3.69921875,2.16796875,12768,130,8192,262144,1653394,276162,14018,13695,0,0,323,76324,3823,0,13935,5,1166508288,7327104
permutation,71,0a985be21de2163315ff,128,10,0.05,0.05,coverage,permutation,8,1,134217728,134217728,1073741824,2.9583511999990346,2.9583511999990346,90.73819768257657,362.9527907303063,362.9527907303063,1.0540504455566406,5.0073648362545375,5.027040475598099,0.6281331809808574,91.42294906626994,99.25100711507675,947,3.69921875,2.1484375,12768,126,8192,262144,1653801,276313,14169,13836,0,0,333,76367,3839,0,14115,2,1167146112,7331232
permutation,101,a1cae407ac0745be40b6,128,10,0.05,0.05,coverage,permutation,8,1,134217728,134217728,1073741824,2.9661271999990304,2.9661271999990304,90.50031839500605,362.0012735800242,362.0012735800242,1.0539436340332031,5.0085961959570735,5.036639623135305,0.6286328182196579,91.43176031530118,98.98127093136668,947,3.69921875,2.18359375,12768,97,8192,262144,1653958,276285,14141,13838,0,0,303,76420,3849,0,14093,9,1167027840,7336320
small_tensor,11,c72db980e03629788a85,32,10,0.05,0.05,coverage,ring_allreduce,8,14,33554432,58720256,469762048,1.5917016533330581,1.5917016533330581,73.78299303395018,295.1319721358007,168.64684122045753,1.0714896065848214,5.143749949140267,4.893968680841527,0.6601963222679816,89.90633674614585,82.06651021971835,947,3.69921875,1.671875,12768,1847,3584,114688,745318,122887,8199,6321,0,0,1878,35697,1747,0,6350,27,519074688,3426912
small_tensor,29,11b899cf0061124de886,32,10,0.05,0.05,coverage,ring_allreduce,8,14,33554432,58720256,469762048,1.5869573333330609,1.5869573333330609,74.0035724548067,296.0142898192268,169.1510227538439,1.0687081473214286,5.042914953332028,4.9622742815158105,0.6561663729521572,90.14393922507375,82.0948952208896,947,3.69921875,1.66015625,16992,1686,3584,114688,742852,122568,7880,6181,0,0,1699,35387,1756,0,6196,20,517727232,3397152
small_tensor,47,c6306f230591be712a21,32,10,0.05,0.05,coverage,ring_allreduce,8,14,33554432,58720256,469762048,1.58820149333306,1.58820149333306,73.94559978251556,295.78239913006223,169.018513788607,1.0698939732142858,5.016136393271613,5.049029248967436,0.6592175997818845,90.04129798504033,82.1240935407229,947,3.69921875,1.65234375,16896,1827,3584,114688,744157,122704,8016,6155,0,0,1861,35591,1797,0,6190,24,518301696,3416736
small_tensor,71,2a6bf0c802d18f3b8910,32,10,0.05,0.05,coverage,ring_allreduce,8,14,33554432,58720256,469762048,1.582887146666397,1.582887146666397,74.19386293415351,296.77545173661406,169.58597242092233,1.0709315708705358,5.095136904325737,4.949078360407373,0.6595411134870357,89.95377021385067,82.47999250922945,947,3.69921875,1.6640625,12768,1826,3584,114688,744604,122823,8135,6258,0,0,1877,35643,1764,0,6317,19,518804352,3421728
small_tensor,101,e1a9459c22c5545b2451,32,10,0.05,0.05,coverage,ring_allreduce,8,14,33554432,58720256,469762048,1.5868920533330617,1.5868920533330617,74.00661674077413,296.02646696309654,169.15798112176944,1.0690220424107142,4.972920948745555,5.031782640490522,0.6590694060107782,90.11487140577972,82.12475431222504,947,3.69921875,1.6171875,16896,1736,3584,114688,743678,122604,7916,6097,0,0,1819,35554,1789,0,6169,35,517879296,3413184
