experiment,group,workload,size_mib,ranks,protocol,bandwidth_gbps,rtt_us,payload_bytes,overhead_bytes,data_loss,ack_loss,loss_model,burst_length,trim_probability,early_recovery,rto_factor,rto_us,window_bdp,window_packets,path_count,path_spread_us,trials,goodput_pct,goodput_pct_ci95,duration_ms,duration_ms_ci95,algorithm_gbps,algorithm_gbps_ci95,bus_gbps,bus_gbps_ci95,transmission_amplification,transmission_amplification_ci95,observed_data_loss_pct,observed_data_loss_pct_ci95,observed_ack_loss_pct,observed_ack_loss_pct_ci95,wire_payload_efficiency_pct,wire_payload_efficiency_pct_ci95,max_receiver_ooo_mib,max_receiver_ooo_mib_ci95,feedback_to_forward_pct,feedback_to_forward_pct_ci95,asymptotic_erasure_ceiling_pct,asymptotic_erasure_ceiling_pct_ci95,retained_vs_zero_pct
bulk_loss_sweep,loss_sweep,bulk,32,1,gbn,400.0,10.0,4096,128,0.0,0.0,iid,8.0,0.0,True,4.0,,8.0,947,4,2.0,1,95.58821920706455,0.0,0.7020620799999195,0.0,382.3528768282582,0.0,382.3528768282582,0.0,1.0,0.0,0.0,0.0,0.0,0.0,96.96969696969697,0.0,0.0,0.0,0.5687366832386364,0.0,96.96969696969697,0.0,100.0
bulk_loss_sweep,loss_sweep,bulk,32,1,gbn,400.0,10.0,4096,128,0.001,0.001,iid,8.0,0.0,True,4.0,,8.0,947,4,2.0,5,81.25258585461701,5.465395902393749,0.8278359039998918,0.054713700367987395,325.01034341846804,21.861583609574996,325.01034341846804,21.861583609574996,1.18173828125,0.07905916787349741,0.08343985722339978,0.03771085535857931,0.07132289146694651,0.013386603367125886,82.25100530021506,5.601730608095424,0.0,0.0,0.7845442204015496,0.08006604836905115,96.87272727272727,0.0,85.00271950731346
bulk_loss_sweep,loss_sweep,bulk,32,1,gbn,400.0,10.0,4096,128,0.01,0.01,iid,8.0,0.0,True,4.0,,8.0,947,4,2.0,5,39.248941095931066,2.41717724028063,1.713256959999698,0.10736373196792433,156.99576438372426,9.66870896112252,156.99576438372426,9.66870896112252,2.4568359375,0.1521171237746816,0.9926523667447894,0.06176691218246086,1.0371155005594879,0.15218361878162087,39.54668597692221,2.407457620264123,0.0,0.0,1.0494795270994384,0.05552825782412856,96.0,0.0,41.06043759525371
bulk_loss_sweep,loss_sweep,bulk,32,1,gbn,400.0,10.0,4096,128,0.05,0.05,iid,8.0,0.0,True,4.0,,8.0,947,4,2.0,5,13.388883122239639,0.28293152638024993,5.013436928003121,0.10528893107966254,53.55553248895855,1.131726105520995,53.55553248895855,1.131726105520995,7.18603515625,0.17518751494389206,4.985024122606214,0.08974158413474523,5.073685892296081,0.38798276330877374,13.498404605268624,0.33348884192154077,0.0,0.0,0.4961644325031897,0.010716368990993472,92.12121212121212,0.0,14.006833931319978
bulk_loss_sweep,loss_sweep,bulk,32,1,gbn,400.0,10.0,4096,128,0.1,0.1,iid,8.0,0.0,True,4.0,,8.0,947,4,2.0,5,6.881278403731272,0.1812998817742435,9.755919872027423,0.2587157856885441,27.52511361492509,0.7251995270969745,27.52511361492509,0.7251995270969745,13.88515625,0.3485260935688926,10.088589737582051,0.05589239244441898,10.139450194787802,0.46450298969563625,6.9859648310893006,0.17428700318588483,0.0,0.0,0.2641134443915401,0.008913869584723939,87.27272727272727,0.0,7.198877080056225
bulk_loss_sweep,loss_sweep,bulk,32,1,uet,400.0,10.0,4096,128,0.0,0.0,iid,8.0,0.0,True,4.0,,8.0,947,4,2.0,1,95.45225935099171,0.0,0.7030620799999195,0.0,381.80903740396684,0.0,381.80903740396684,0.0,1.0,0.0,0.0,0.0,0.0,0.0,96.96969696969697,0.0,0.046875,0.0,0.5684592507102273,0.0,96.96969696969697,0.0,100.0
bulk_loss_sweep,loss_sweep,bulk,32,1,uet,400.0,10.0,4096,128,0.001,0.001,iid,8.0,0.0,True,4.0,,8.0,947,4,2.0,5,95.38808714095222,0.05089934218710063,0.7035351679999193,0.0003752865319793127,381.5523485638089,0.2035973687484025,381.5523485638089,0.2035973687484025,1.0009033203125,0.0004366698345300435,0.09024063714290301,0.04359432322666067,0.048728205242687506,0.060509971610996964,96.88219089731597,0.04227328312888502,0.725,0.034227784981253416,0.569054916993051,0.00024777232093950853,96.87272727272727,0.0,99.93277036030807
bulk_loss_sweep,loss_sweep,bulk,32,1,uet,400.0,10.0,4096,128,0.01,0.01,iid,8.0,0.0,True,4.0,,8.0,947,4,2.0,5,93.72262732274682,0.8560529967127802,0.7160681173332526,0.006576580620686159,374.89050929098727,3.424211986851121,374.89050929098727,3.424211986851121,1.010400390625,0.0015209988324069528,1.0268011630476186,0.14884684778477036,1.0566755140532764,0.3989863176964952,95.97166816429578,0.14448334819881128,1.35078125,0.0481862023503704,0.5715039763714563,0.0010640050281485276,96.0,0.0,98.18796114413092
bulk_loss_sweep,loss_sweep,bulk,32,1,uet,400.0,10.0,4096,128,0.05,0.05,iid,8.0,0.0,True,4.0,,8.0,947,4,2.0,5,88.11246374519132,1.6925302140258192,0.7617743359999115,0.014745257047723866,352.4498549807653,6.770120856103277,352.4498549807653,6.770120856103277,1.0550537109375,0.002502058149090369,5.139178837781877,0.19555780906126619,5.0141753599274566,0.7105996726979492,91.90999364254347,0.21789491162826674,1.93046875,0.04669861397283891,0.5831300460223089,0.0025299228352861675,92.12121212121212,0.0,92.31050615699844
bulk_loss_sweep,loss_sweep,bulk,32,1,uet,400.0,10.0,4096,128,0.1,0.1,iid,8.0,0.0,True,4.0,,8.0,947,4,2.0,5,83.15301479167212,0.9717635677395139,0.807109290666569,0.009334400577223033,332.6120591666885,3.8870542709580556,332.6120591666885,3.8870542709580556,1.117822265625,0.004233671122385227,10.122703323141547,0.24357004566417173,10.168783329455291,0.7255482035823037,86.74940766380709,0.32885694242998326,2.4453125,0.7715328506270575,0.6013609397833827,0.004432036756652509,87.27272727272727,0.0,87.11476853146713
bulk_mtu,mtu,bulk,32,1,uet,400.0,10.0,1024,128,0.05,0.05,iid,8.0,0.0,True,4.0,,8.0,3473,4,2.0,5,80.0046003900976,1.3801379640357883,0.838942826666902,0.0145535227797805,320.0184015603904,5.520551856143153,320.0184015603904,5.520551856143153,1.066851806640625,0.006705840879975221,4.984417576636778,0.1948608069051629,5.0853749146020135,0.42832858806962293,83.32058296057407,0.5246498237594743,1.9203125,0.32568263971988654,2.1791805748465607,0.021755696432176667,84.44444444444444,0.0,
bulk_mtu,mtu,bulk,32,1,uet,400.0,10.0,2048,128,0.05,0.05,iid,8.0,0.0,True,4.0,,8.0,1839,4,2.0,5,85.71569753590565,1.4167554449745452,0.783035818666846,0.013055529440966693,342.8627901436226,5.667021779898181,342.8627901436226,5.667021779898181,1.0550048828125,0.002155817965407798,5.019118385337128,0.20697350790429364,5.120868041122492,0.6249559755266358,89.21082027554253,0.1823017260706688,1.87265625,0.5247367538524692,1.1352263065847528,0.004999022136702607,89.41176470588235,0.0,
bulk_mtu,mtu,bulk,32,1,uet,400.0,10.0,4096,128,0.05,0.05,iid,8.0,0.0,True,4.0,,8.0,947,4,2.0,5,88.11246374519132,1.6925302140258192,0.7617743359999115,0.014745257047723868,352.4498549807653,6.770120856103277,352.4498549807653,6.770120856103277,1.0550537109375,0.002502058149090369,5.139178837781877,0.19555780906126619,5.014175359927457,0.7105996726979492,91.90999364254347,0.21789491162826674,1.93046875,0.0466986139728389,0.5831300460223089,0.0025299228352861675,92.12121212121212,0.0,
bulk_window,window,bulk,128,1,uet,400.0,10.0,4096,128,0.05,0.05,iid,8.0,0.0,True,4.0,,1.0,119,4,2.0,5,36.146956209325296,0.801902262374398,7.428120810667897,0.16463592953704026,144.58782483730118,3.207609049497592,144.58782483730118,3.207609049497592,1.05384521484375,0.002578867643858037,4.986380219207142,0.18997128504861577,5.073447162558975,0.38159852182414317,92.0154087604269,0.22511696695277855,0.4609375,0.0,0.6526523050219045,0.0020512992055208065,92.12121212121212,0.0,
bulk_window,window,bulk,128,1,uet,400.0,10.0,4096,128,0.05,0.05,iid,8.0,0.0,True,4.0,,2.0,237,4,2.0,5,62.19335853098771,1.4510092894299988,4.317366485333224,0.10103938252885925,248.77343412395084,5.804037157719984,248.77343412395084,5.804037157719984,1.054803466796875,0.002396896515952892,4.988815448491351,0.19161499306531793,5.094114098279779,0.43534511582849533,91.93177656758614,0.20877498425285118,0.921875,0.0,0.6119888805727571,0.0024120444554848234,92.12121212121212,0.0,
bulk_window,window,bulk,128,1,uet,400.0,10.0,4096,128,0.05,0.05,iid,8.0,0.0,True,4.0,,4.0,474,4,2.0,5,89.26685580923504,0.5450332891498862,3.007170623999442,0.01842373289324186,357.06742323694016,2.180133156599545,357.06742323694016,2.180133156599545,1.053564453125,0.0021195131488539543,4.986015233622602,0.18943288886978793,5.074565647732351,0.4694905246563677,92.03983704504863,0.18513409278479143,1.834375,0.010057692452847976,0.5842712914606984,0.00063715935932224,92.12121212121212,0.0,
bulk_window,window,bulk,128,1,uet,400.0,10.0,4096,128,0.05,0.05,iid,8.0,0.0,True,4.0,,8.0,947,4,2.0,5,91.10643971895186,0.5908533358783057,2.94645855999943,0.01922161132623378,364.42575887580745,2.3634133435132227,364.42575887580745,2.3634133435132227,1.053570556640625,0.0021496483251285843,4.986561457561539,0.1901594674922779,5.079772665976778,0.46556324793550363,92.03930936860111,0.18775837310950555,2.09375,0.35300358028712386,0.5828718991276265,0.00023531614276491722,92.12121212121212,0.0,
bulk_window,window,bulk,128,1,uet,400.0,10.0,4096,128,0.05,0.05,iid,8.0,0.0,True,4.0,,16.0,1894,4,2.0,5,91.10643971895185,0.5908533358783057,2.94645855999943,0.01922161132623378,364.4257588758074,2.3634133435132227,364.4257588758074,2.3634133435132227,1.053570556640625,0.0021496483251285843,4.986561457561539,0.1901594674922779,5.079772665976778,0.46556324793550363,92.03930936860111,0.18775837310950555,2.09375,0.35300358028712386,0.5828718991276265,0.00023531614276491722,92.12121212121212,0.0,
burst_fast,recovery,bulk,32,1,uet,400.0,10.0,4096,128,0.05,0.05,burst,8.0,0.0,True,4.0,,8.0,947,4,2.0,5,89.87328360894374,1.8500011409816737,0.7468715946665798,0.015563023792799164,359.49313443577495,7.400004563926695,359.49313443577495,7.400004563926695,1.04921875,0.004379044435582321,4.657529755847974,0.40956815894532367,5.021032441195343,0.7136162397046913,92.42169262640871,0.3854477526874276,1.54609375,0.6108947148521058,0.5876975820747101,0.0033025672098418186,92.12121212121212,0.0,
control_reliable,controls,bulk,128,1,uet,400.0,10.0,4096,128,0.05,0.0,iid,8.0,0.0,True,4.0,,8.0,947,4,2.0,5,91.4008084692941,0.2861977967927768,2.936919573332764,0.009207707523866028,365.6032338771764,1.1447911871711072,365.6032338771764,1.1447911871711072,1.0524658203125,0.0021360460000506187,4.984834868009891,0.19281382502013697,0.0,0.0,92.13591770374798,0.18697098183770655,2.096875,0.3531601546649929,0.5820076465495314,0.00042877582683288824,92.12121212121212,0.0,
fault_fast,recovery,bulk,32,1,uet,400.0,10.0,4096,128,0.05,0.05,iid,8.0,0.0,True,4.0,,8.0,947,4,2.0,5,88.11246374519132,1.6925302140258192,0.7617743359999115,0.014745257047723866,352.4498549807653,6.770120856103277,352.4498549807653,6.770120856103277,1.0550537109375,0.002502058149090369,5.139178837781877,0.19555780906126619,5.0141753599274566,0.7105996726979492,91.90999364254347,0.21789491162826674,1.93046875,0.04669861397283891,0.5831300460223089,0.0025299228352861675,92.12121212121212,0.0,
fault_rto,recovery,bulk,32,1,uet,400.0,10.0,4096,128,0.05,0.05,iid,8.0,0.0,False,4.0,,8.0,947,4,2.0,5,51.75396105607342,13.348937835065845,1.3487755946666065,0.39489337578996514,207.0158442242937,53.39575134026339,207.0158442242937,53.39575134026339,1.0688720703125,0.0044518860987924095,5.152877913494271,0.19246133710943666,5.024752903038911,0.6605263912137095,90.72233455539038,0.37773322281410204,3.69453125,0.00216909773843578,0.6207907832143523,0.00848637302502124,92.12121212121212,0.0,
metro_32m,main,ring_allreduce,32,8,gbn,400.0,100.0,4096,128,0.0,0.0,iid,8.0,0.0,True,4.0,,8.0,9470,4,2.0,1,44.976854790835226,0.0,2.6111321600000017,0.0,102.80423952190908,0.0,179.9074191633409,0.0,1.0,0.0,0.0,0.0,0.0,0.0,96.96969696969697,0.0,0.0,0.0,0.5681818181818182,0.0,96.96969696969697,0.0,100.0
metro_32m,main,ring_allreduce,32,8,gbn,400.0,100.0,4096,128,0.05,0.05,iid,8.0,0.0,True,4.0,,8.0,9470,4,2.0,5,1.0520379115406577,0.027899009428979615,111.67239424000306,2.976446986295634,2.404658083521503,0.06376916440909614,4.208151646162631,0.11159603771591846,27.692025320870535,0.45607855413183296,5.0003136967123964,0.018332986942184895,5.015984191705539,0.08770552686724918,3.502208776255503,0.05728815346973732,0.0,0.0,0.0851823873222408,0.0013215305407305482,92.12121212121212,0.0,2.3390650956656662
metro_32m,main,ring_allreduce,32,8,uet,400.0,100.0,4096,128,0.0,0.0,iid,8.0,0.0,True,4.0,,8.0,9470,4,2.0,1,44.73699030832792,0.0,2.6251321600000015,0.0,102.25597784760667,0.0,178.94796123331167,0.0,1.0,0.0,0.0,0.0,0.0,0.0,96.96969696969697,0.0,0.046875,0.0,0.5704012784090909,0.0,96.96969696969697,0.0,100.0
metro_32m,main,ring_allreduce,32,8,uet,400.0,100.0,4096,128,0.05,0.05,iid,8.0,0.0,True,4.0,,8.0,9470,4,2.0,5,13.138245857873281,0.8122653283437047,8.956344917333338,0.5462025548727072,30.030276246567503,1.856606464785612,52.552983431493125,3.2490613133748183,1.0538155691964284,0.0013482083253460327,4.926456961562342,0.1051500218265394,4.96211243756684,0.021631274959359473,92.01778951125218,0.11758489520900692,3.96796875,0.016232041151305776,0.6261968916812934,0.0014540659369303576,92.12121212121212,0.0,29.367746393586874
no_spraying,controls,bulk,128,1,uet,400.0,10.0,4096,128,0.05,0.05,iid,8.0,0.0,True,4.0,,8.0,947,1,0.0,5,91.34833035128388,0.19610603298842175,2.9385988479994296,0.006312338014649889,365.3933214051355,0.784424131953687,365.3933214051355,0.784424131953687,1.053363037109375,0.0019586467976233563,4.985824653733346,0.18944091400428084,5.079440880569309,0.46245706287759325,92.0574080075743,0.17112191217691572,2.0953125,0.3707761544146084,0.5827627280309333,0.0006728361876337796,92.12121212121212,0.0,
scaleout_1g,main,ring_allreduce,1024,8,gbn,400.0,10.0,4096,128,0.0,0.0,iid,8.0,0.0,True,4.0,,8.0,947,4,2.0,1,96.62059744706093,0.0,38.89539583999246,0.0,220.8470798789964,0.0,386.4823897882437,0.0,1.0,0.0,0.0,0.0,0.0,0.0,96.96969696969697,0.0,0.0,0.0,0.5688060413707386,0.0,96.96969696969697,0.0,100.0
scaleout_1g,main,ring_allreduce,1024,8,gbn,400.0,10.0,4096,128,0.05,0.05,iid,8.0,0.0,True,4.0,,8.0,947,4,2.0,5,12.948652002628156,0.03960733797988962,290.2321136652069,0.8882694474147571,29.59691886315007,0.09053105823974798,51.79460801051262,0.1584293519195588,7.263934707641601,0.011053108052769314,5.00221706898064,0.006956640801324903,5.000894454267849,0.0034987085162989486,13.349488567699785,0.02028905328794462,0.0,0.0,0.4889765434107643,0.0005904702224967032,92.12121212121212,0.0,13.401544126988874
scaleout_1g,main,ring_allreduce,1024,8,uet,400.0,10.0,4096,128,0.0,0.0,iid,8.0,0.0,True,4.0,,8.0,947,4,2.0,1,96.585832364359,0.0,38.90939583999246,0.0,220.7676168328206,0.0,386.343329457436,0.0,1.0,0.0,0.0,0.0,0.0,0.0,96.96969696969697,0.0,0.046875,0.0,0.5682511763139204,0.0,96.96969696969697,0.0,100.0
scaleout_1g,main,ring_allreduce,1024,8,uet,400.0,10.0,4096,128,0.05,0.05,iid,8.0,0.0,True,4.0,,8.0,947,4,2.0,5,90.54528408626469,0.2512510687915139,41.505324949325356,0.11547302810036429,206.96064934003357,0.5742881572377584,362.18113634505875,1.0050042751660555,1.0534991673060825,0.0002063483521696927,4.998489311409388,0.01754729590781437,5.004736301779689,0.023628939827506166,92.0453493551595,0.0180283395036412,3.28359375,0.07981572331623193,0.5830785496892291,0.0001061834064020919,92.12121212121212,0.0,93.74592719219208
scaleout_256m,main,ring_allreduce,256,8,gbn,400.0,10.0,4096,128,0.0,0.0,iid,8.0,0.0,True,4.0,,8.0,947,4,2.0,1,95.58821920706453,0.0,9.828869119998876,0.0,218.48735818757606,0.0,382.3528768282581,0.0,1.0,0.0,0.0,0.0,0.0,0.0,96.96969696969697,0.0,0.0,0.0,0.5687366832386364,0.0,96.96969696969697,0.0,100.0
scaleout_256m,main,ring_allreduce,256,8,gbn,400.0,10.0,4096,128,0.05,0.05,iid,8.0,0.0,True,4.0,,8.0,947,4,2.0,5,12.459417035149295,0.12491313640506305,75.4106680320699,0.7539056219867408,28.47866750891267,0.28551574035443067,49.83766814059718,0.4996525456202522,7.238484845842635,0.03430309751121677,5.001934834271282,0.01701637461662958,5.001873587127392,0.023282144800430633,13.396564060772112,0.063426106833723,0.0,0.0,0.4887240570064121,0.0026084975673508195,92.12121212121212,0.0,13.034469245796423
scaleout_256m,main,ring_allreduce,256,8,uet,400.0,10.0,4096,128,0.0,0.0,iid,8.0,0.0,True,4.0,,8.0,947,4,2.0,1,95.45225935099168,0.0,9.842869119998875,0.0,218.1765928022667,0.0,381.8090374039667,0.0,1.0,0.0,0.0,0.0,0.0,0.0,96.96969696969697,0.0,0.046875,0.0,0.5684592507102273,0.0,96.96969696969697,0.0,100.0
scaleout_256m,main,ring_allreduce,256,8,uet,400.0,10.0,4096,128,0.05,0.05,iid,8.0,0.0,True,4.0,,8.0,947,4,2.0,5,86.66123213521539,0.8828014697056937,10.841927615998769,0.11070053171788789,198.08281630906373,2.0178319307558823,346.64492854086154,3.531205878822775,1.0533791678292412,0.00043674343482858846,4.984473960762815,0.03733056559281324,5.011862968233023,0.05054472226033221,92.05584141089702,0.03816669377686114,3.01484375,0.4565087655765341,0.583981154992563,0.0002144403311909432,92.12121212121212,0.0,90.79013186743917
scaleout_32m,main,ring_allreduce,32,8,gbn,400.0,10.0,4096,128,0.0,0.0,iid,8.0,0.0,True,4.0,,8.0,947,4,2.0,1,86.92007745563534,0.0,1.3511321600000012,0.0,198.67446275573792,0.0,347.68030982254135,0.0,1.0,0.0,0.0,0.0,0.0,0.0,96.96969696969697,0.0,0.0,0.0,0.5704012784090909,0.0,96.96969696969697,0.0,100.0
scaleout_32m,main,ring_allreduce,32,8,gbn,400.0,10.0,4096,128,0.05,0.05,iid,8.0,0.0,True,4.0,,8.0,947,4,2.0,5,10.870635008108119,0.35919088635758434,10.80958822399899,0.3572461503253501,24.847165732818556,0.8210077402459064,43.482540032432475,1.4367635454303374,6.847696358816964,0.07416701188339661,4.982412615719133,0.029881992345029917,5.003047937089286,0.0598876211212137,14.161781736778433,0.15290126134696985,0.0,0.0,0.4928196341236178,0.004987653847493128,92.12121212121212,0.0,12.506471837483776
scaleout_32m,main,ring_allreduce,32,8,uet,400.0,10.0,4096,128,0.0,0.0,iid,8.0,0.0,True,4.0,,8.0,947,4,2.0,1,86.028675787698,0.0,1.3651321600000013,0.0,196.63697322902402,0.0,344.114703150792,0.0,1.0,0.0,0.0,0.0,0.0,0.0,96.96969696969697,0.0,0.046875,0.0,0.5704012784090909,0.0,96.96969696969697,0.0,100.0
scaleout_32m,main,ring_allreduce,32,8,uet,400.0,10.0,4096,128,0.05,0.05,iid,8.0,0.0,True,4.0,,8.0,947,4,2.0,5,62.08504384600108,2.9014540969995544,1.8937874346666679,0.08992617489383137,141.90867164800247,6.631895078856122,248.3401753840043,11.605816387998223,1.0530430385044642,0.0013636945266303129,4.926592480355911,0.10591092808047847,4.958935520213847,0.035628174760161696,92.08529728281925,0.11910747597557374,2.13984375,0.35733210797841936,0.5929081327245809,0.00025798523535995556,92.12121212121212,0.0,72.16784784554264
trim_fast,recovery,bulk,32,1,uet,400.0,10.0,4096,128,0.0,0.05,iid,8.0,0.05,True,4.0,,8.0,947,4,2.0,5,88.75982659860391,0.8949902164561934,0.7561124266665791,0.0076312357513403616,355.03930639441563,3.5799608658247735,355.03930639441563,3.5799608658247735,1.054052734375,0.004049225785437771,0.0,0.0,5.055731409975498,0.8152133177054636,91.997711222473,0.3531915176527669,1.3984375,0.44348634185956937,0.6605273409147421,0.00746536232915244,92.12121212121212,0.0,
wan_32m,main,ring_allreduce,32,8,gbn,400.0,1000.0,4096,128,0.0,0.0,iid,8.0,0.0,True,4.0,,8.0,32640,4,2.0,1,7.7206949992077405,0.0,15.211132159999995,0.0,17.64730285533198,0.0,30.882779996830962,0.0,1.0,0.0,0.0,0.0,0.0,0.0,96.96969696969697,0.0,0.0,0.0,0.5681818181818182,0.0,96.96969696969697,0.0,100.0
wan_32m,main,ring_allreduce,32,8,gbn,400.0,1000.0,4096,128,0.05,0.05,iid,8.0,0.0,True,4.0,,8.0,32640,4,2.0,5,0.10636388190316293,0.0028494959832910216,1104.5523942399898,29.742786735602067,0.2431174443500867,0.006513133676093778,0.4254555276126517,0.011397983933164092,27.692025320870535,0.45607855413183296,5.0003136967123964,0.018332986942184895,5.015984191705538,0.08770552686724918,3.502208776255504,0.05728815346973732,0.0,0.0,0.08518238732224079,0.0013215305407305482,92.12121212121212,0.0,1.3776464672426183
wan_32m,main,ring_allreduce,32,8,uet,400.0,1000.0,4096,128,0.0,0.0,iid,8.0,0.0,True,4.0,,8.0,32640,4,2.0,1,7.713595571179596,0.0,15.225132159999994,0.0,17.63107559126765,0.0,30.854382284718387,0.0,1.0,0.0,0.0,0.0,0.0,0.0,96.96969696969697,0.0,0.046875,0.0,0.5704012784090909,0.0,96.96969696969697,0.0,100.0
wan_32m,main,ring_allreduce,32,8,uet,400.0,1000.0,4096,128,0.05,0.05,iid,8.0,0.0,True,4.0,,8.0,32640,4,2.0,5,1.45911566966908,0.09926709462090787,80.68111918933334,5.489259186047443,3.3351215306721835,0.22689621627636095,5.83646267867632,0.39706837848363147,1.0538138253348213,0.0013435141349356374,4.926465345332053,0.10517289624756522,4.961724293919983,0.021501517090517668,92.01794124125676,0.11717651626646847,3.96796875,0.016232041151305776,0.626246841475885,0.00142563937119337,92.12121212121212,0.0,18.916154680455275
wan_fixed_window,wan_window,bulk,128,1,uet,400.0,1000.0,4096,128,0.05,0.05,iid,8.0,0.0,True,4.0,,8.0,512,4,2.0,5,1.3265757660708908,0.040292533852560444,202.45019237331564,6.221240946987193,5.306303064283563,0.16117013541024178,5.306303064283563,0.16117013541024178,1.054510498046875,0.002530929225734569,4.987294578423072,0.19137293953057521,5.0781640192070086,0.3972744723906317,91.95734593672228,0.2205852390993325,1.99609375,0.0,0.6387065314863681,0.0016251305093033313,92.12121212121212,0.0,
wan_fixed_window,wan_window,bulk,128,1,uet,400.0,1000.0,4096,128,0.05,0.05,iid,8.0,0.0,True,4.0,,8.0,8192,4,2.0,5,13.913237816349191,1.0372160169044071,19.34946790400219,1.4470661320832034,55.652951265396766,4.148864067617631,55.652951265396766,4.148864067617631,1.054833984375,0.0024380274369191573,4.988087105073685,0.1893009704459198,5.071344620951203,0.41961363749909686,91.92912546687474,0.21241759374015118,31.9046875,0.03978979080273669,0.6253312853078559,0.0024130417226179584,92.12121212121212,0.0,
wan_fixed_window,wan_window,bulk,128,1,uet,400.0,1000.0,4096,128,0.05,0.05,iid,8.0,0.0,True,4.0,,8.0,32640,4,2.0,5,33.445885518614546,4.549709851157892,8.09754340266621,1.0183659424787421,133.78354207445818,18.198839404631567,133.78354207445818,18.198839404631567,1.39141845703125,0.003500913313388799,4.958337461854708,0.19143415130207045,5.024152512352442,0.28107215962323334,69.69148266160218,0.1752179707295489,123.63671875,0.7909254345319457,0.9821667493297308,0.0012862735654582914,92.12121212121212,0.0,
wan_large_bulk,wan_window,bulk,1024,1,uet,400.0,1000.0,4096,128,0.05,0.05,iid,8.0,0.0,True,4.0,,8.0,32640,4,2.0,5,47.063171981556025,1.4974163099091715,45.65422165327768,1.4786867037602598,188.2526879262241,5.989665239636686,188.2526879262241,5.989665239636686,1.3980903625488281,0.010319343127907485,5.002454809450623,0.058866586841271884,4.981736918792057,0.08817707994607255,69.36063814327547,0.5122195591351997,127.18359375,0.3944687774408736,0.9773392883953667,0.009827969006862523,92.12121212121212,0.0,
