experiment,group,workload,size_mib,ranks,seed,job_id,protocol,bandwidth_gbps,rtt_us,payload_bytes,overhead_bytes,ack_bytes,ack_every,ack_delay_us,window_bdp,window_packets,max_window_packets,data_loss,ack_loss,loss_model,burst_length,trim_probability,path_count,path_spread_us,early_recovery,early_factor,rto_factor,rto_us,nack_interval_rtt,max_events,max_time_s,duration_ms,algorithm_gbps,bus_gbps,goodput_pct,payload_per_rank_bytes,total_unique_payload_bytes,payload_size_bytes,chunk_bytes,steps,max_receiver_ooo_packets,max_receiver_ooo_mib,packets,data_transmissions,retransmissions,physical_drops,trim_events,out_of_order_discards,duplicate_deliveries,ack_transmissions,ack_drops,nack_transmissions,early_retransmissions,timeout_retransmissions,forward_wire_bytes,reverse_wire_bytes,event_count,observed_data_loss_pct,observed_ack_loss_pct,transmission_amplification,wire_payload_efficiency_pct,feedback_to_forward_pct,asymptotic_erasure_ceiling_pct,wall_seconds,retained_vs_zero_pct
scaleout_1g,main,ring_allreduce,1024,8,71,0026c43c27aa1c07,gbn,400.0,10.0,4096,128,96,4,0.5,8.0,947,32640,0.05,0.05,iid,8.0,0.0,4,2.0,True,1.5,4.0,,1.0,100000000,3600.0,291.1373926412115,29.50474521349432,51.63330412361506,12.908326030903766,1879048192,15032385536,1073741824,134217728,14,0,0.0,3670016,26635589,22965573,1332290,0,19833114,1800169,5733414,286704,281783,0,60,112508727936,550407744,37487280,5.001916796358436,5.000580805781686,7.257622037615095,13.361083901465044,0.48921337401761095,92.12121212121212,82.61386337499971,13.359807713853481
metro_32m,main,ring_allreduce,32,8,11,01d3b56593aaac91,uet,400.0,100.0,4096,128,96,4,0.5,8.0,9470,32640,0.0,0.0,iid,8.0,0.0,4,2.0,True,1.5,4.0,,1.0,100000000,3600.0,2.6251321600000015,102.25597784760667,178.94796123331167,44.73699030832792,58720256,469762048,33554432,4194304,14,12,0.046875,114688,114688,0,0,0,0,0,28784,0,0,0,0,484442112,2763264,365568,0.0,0.0,1.0,96.96969696969697,0.5704012784090909,96.96969696969697,0.012813208000807208,100.0
bulk_loss_sweep,loss_sweep,bulk,32,1,71,020250103da2c4bb,uet,400.0,10.0,4096,128,96,4,0.5,8.0,947,32640,0.001,0.001,iid,8.0,0.0,4,2.0,True,1.5,4.0,,1.0,100000000,3600.0,0.7033999999999194,381.6256127381728,381.6256127381728,95.4064031845432,33554432,33554432,33554432,33554432,1,189,0.73828125,8192,8199,7,7,0,0,0,2054,0,0,7,0,34632576,197184,36529,0.0853762653982193,0.0,1.0008544921875,96.88690786385627,0.5693598997660468,96.87272727272727,0.05694745900018461,99.95195905601365
bulk_window,window,bulk,128,1,101,058a4f897c6267c8,uet,400.0,10.0,4096,128,96,4,0.5,4.0,474,32640,0.05,0.05,iid,8.0,0.0,4,2.0,True,1.5,4.0,,1.0,100000000,3600.0,3.0059515733327755,357.2052968270261,357.2052968270261,89.30132420675652,134217728,134217728,134217728,134217728,1,469,1.83203125,32768,34588,1820,1780,0,0,40,8893,493,0,1820,0,146099712,853728,153406,5.146293512200764,5.543686045204093,1.0555419921875,91.86720915644241,0.5843461210929697,92.12121212121212,0.28058737499941344,
bulk_mtu,mtu,bulk,32,1,11,0909745cf3a44571,uet,400.0,10.0,1024,128,96,4,0.5,8.0,3473,32640,0.05,0.05,iid,8.0,0.0,4,2.0,True,1.5,4.0,,1.0,100000000,3600.0,0.8248041600002148,325.4535670624286,325.4535670624286,81.36339176560715,33554432,33554432,33554432,33554432,1,1858,1.814453125,32768,34693,1925,1677,0,0,248,8977,436,0,1935,0,39966336,861792,153648,4.833828149770847,4.856856410827671,1.058746337890625,83.95673799069297,2.156294737651207,84.44444444444444,0.28492274999916845,
wan_fixed_window,wan_window,bulk,128,1,47,0b3983233f90eda5,uet,400.0,1000.0,4096,128,96,4,0.5,8.0,8192,32640,0.05,0.05,iid,8.0,0.0,4,2.0,True,1.5,4.0,,1.0,100000000,3600.0,20.847304960001388,51.50506629322741,51.50506629322741,12.876266573306852,134217728,134217728,134217728,134217728,1,8162,31.8828125,32768,34624,1856,1780,0,0,76,9538,512,0,1856,0,146251776,915648,163972,5.1409426987061,5.368001677500525,1.056640625,91.7716910323195,0.6260764997479416,92.12121212121212,0.35193620800055214,
bulk_mtu,mtu,bulk,32,1,71,0c1957907075d7d6,uet,400.0,10.0,1024,128,96,4,0.5,8.0,3473,32640,0.05,0.05,iid,8.0,0.0,4,2.0,True,1.5,4.0,,1.0,100000000,3600.0,0.8567586133335734,313.3151529758667,313.3151529758667,78.32878824396667,33554432,33554432,33554432,33554432,1,1813,1.7705078125,32768,34963,2195,1735,0,0,460,9142,426,0,2203,0,40277376,877632,155541,4.962388811028802,4.659811857361627,1.066986083984375,83.30838632586195,2.178970149396028,84.44444444444444,0.2977649590002329,
metro_32m,main,ring_allreduce,32,8,71,0d1274fd4a46e12d,gbn,400.0,100.0,4096,128,96,4,0.5,8.0,9470,32640,0.05,0.05,iid,8.0,0.0,4,2.0,True,1.5,4.0,,1.0,100000000,3600.0,110.84847552000289,2.4216431912188106,4.237875584632919,1.0594688961582297,58720256,469762048,33554432,4194304,14,0,0.0,114688,3166558,3051870,157837,0,2893995,38,119157,5898,6031,0,321,13375540992,11439072,3502097,4.984497362751606,4.949772149349178,27.610194614955358,3.5120975538930934,0.08552231275611047,92.12121212121212,6.536125958999946,2.3555868926035126
bulk_window,window,bulk,128,1,29,0e7ac994ebbd5c1e,uet,400.0,10.0,4096,128,96,4,0.5,4.0,474,32640,0.05,0.05,iid,8.0,0.0,4,2.0,True,1.5,4.0,,1.0,100000000,3600.0,3.0311469866661103,354.2361451699128,354.2361451699128,88.5590362924782,134217728,134217728,134217728,134217728,1,468,1.828125,32768,34465,1697,1665,0,0,31,8867,443,0,1697,0,145580160,851232,153169,4.830987958798781,4.996052779970678,1.051788330078125,92.19506833898245,0.5847170383656675,92.12121212121212,0.2680971250001676,
bulk_window,window,bulk,128,1,71,0f9164d5f5c8789f,uet,400.0,10.0,4096,128,96,4,0.5,2.0,237,32640,0.05,0.05,iid,8.0,0.0,4,2.0,True,1.5,4.0,,1.0,100000000,3600.0,4.278843786666435,250.94204825751106,250.94204825751106,62.735512064377765,134217728,134217728,134217728,134217728,1,236,0.921875,32768,34543,1775,1717,0,0,58,9274,434,0,1773,3,145909632,890304,157492,4.9706163332657844,4.679749838257494,1.054168701171875,91.98688678757,0.6101749334821158,92.12121212121212,0.27163745800044126,
bulk_loss_sweep,loss_sweep,bulk,32,1,101,0ff33810f8b65934,gbn,400.0,10.0,4096,128,96,4,0.5,8.0,947,32640,0.05,0.05,iid,8.0,0.0,4,2.0,True,1.5,4.0,,1.0,100000000,3600.0,5.052692480003106,53.12721030665911,53.12721030665911,13.281802576664777,33554432,33554432,33554432,33554432,1,0,0.0,8192,59246,51054,3006,0,44001,4047,12856,687,621,0,0,250255104,1234176,83564,5.0737602538568005,5.343808338518979,7.232177734375,13.408090969445322,0.4931671643348381,92.12121212121212,0.16053558299972792,13.89481118786568
scaleout_1g,main,ring_allreduce,1024,8,11,1040aa96c83502dc,uet,400.0,10.0,4096,128,96,4,0.5,8.0,947,32640,0.0,0.0,iid,8.0,0.0,4,2.0,True,1.5,4.0,,1.0,100000000,3600.0,38.90939583999246,220.7676168328206,386.343329457436,96.585832364359,1879048192,15032385536,1073741824,134217728,14,12,0.046875,3670016,3670016,0,0,0,0,0,917616,0,0,0,0,15502147584,88091136,16475088,0.0,0.0,1.0,96.96969696969697,0.5682511763139204,96.96969696969697,0.265525499999967,100.0
scaleout_256m,main,ring_allreduce,256,8,29,1532a4268cd335ea,gbn,400.0,10.0,4096,128,96,4,0.5,8.0,947,32640,0.05,0.05,iid,8.0,0.0,4,2.0,True,1.5,4.0,,1.0,100000000,3600.0,74.68026624006536,28.755704232450796,50.32248240678889,12.580620601697223,469762048,3758096384,268435456,33554432,14,0,0.0,917504,6622608,5705104,330754,0,4925505,448845,1430434,71369,70174,0,45,27973896192,137321664,9336924,4.994316438478617,4.989324918171688,7.218069893973214,13.434297311343936,0.49089216267010877,92.12121212121212,17.906671791999543,13.161266844447544
wan_fixed_window,wan_window,bulk,128,1,71,16577cce3cddd982,uet,400.0,1000.0,4096,128,96,4,0.5,8.0,512,32640,0.05,0.05,iid,8.0,0.0,4,2.0,True,1.5,4.0,,1.0,100000000,3600.0,198.04891903999075,5.421599013035694,5.421599013035694,1.3553997532589235,134217728,134217728,134217728,134217728,1,511,1.99609375,32768,34522,1754,1714,0,0,39,9673,452,0,1751,3,145820928,928608,163390,4.9649498870285615,4.672800578931045,1.05352783203125,92.04284312331355,0.6368139420975294,92.12121212121212,0.29028891599955386,
fault_rto,recovery,bulk,32,1,11,1a047d80bcacd989,uet,400.0,10.0,4096,128,96,4,0.5,8.0,947,32640,0.05,0.05,iid,8.0,0.0,4,2.0,False,1.5,4.0,,1.0,100000000,3600.0,1.419828693333292,189.06186166008635,189.06186166008635,47.26546541502159,33554432,33554432,33554432,33554432,1,946,3.6953125,8192,8737,545,453,0,0,92,2368,113,0,0,545,36905088,227328,30640,5.18484605699897,4.77195945945946,1.0665283203125,90.92088332102067,0.6159801055074032,92.12121212121212,0.05204170799970598,
fault_fast,recovery,bulk,32,1,11,1a3a7477437998da,uet,400.0,10.0,4096,128,96,4,0.5,8.0,947,32640,0.05,0.05,iid,8.0,0.0,4,2.0,True,1.5,4.0,,1.0,100000000,3600.0,0.7531212799999117,356.430581804874,356.430581804874,89.1076454512185,33554432,33554432,33554432,33554432,1,485,1.89453125,8192,8645,453,447,0,0,6,2212,108,0,453,0,36516480,212352,38182,5.170618854829381,4.882459312839059,1.0552978515625,91.8884624147782,0.5815237394184762,92.12121212121212,0.05604287500045757,
wan_32m,main,ring_allreduce,32,8,71,1a561cf6eaf8b315,gbn,400.0,1000.0,4096,128,96,4,0.5,8.0,32640,32640,0.05,0.05,iid,8.0,0.0,4,2.0,True,1.5,4.0,,1.0,100000000,3600.0,1096.348475519988,0.2448450123239179,0.4284787715668563,0.10711969289171408,58720256,469762048,33554432,4194304,14,0,0.0,114688,3166558,3051870,157837,0,2893995,38,119157,5898,6031,0,321,13375540992,11439072,3502097,4.984497362751606,4.949772149349178,27.610194614955358,3.5120975538930934,0.08552231275611047,92.12121212121212,6.585430707999876,1.3874358837216878
wan_fixed_window,wan_window,bulk,128,1,11,1a9a2c3cf113d370,uet,400.0,1000.0,4096,128,96,4,0.5,8.0,8192,32640,0.05,0.05,iid,8.0,0.0,4,2.0,True,1.5,4.0,,1.0,100000000,3600.0,18.16984042666816,59.09473054171969,59.09473054171969,14.773682635429921,134217728,134217728,134217728,134217728,1,8161,31.87890625,32768,34497,1729,1672,0,0,57,9460,462,0,1729,0,145715328,908160,162821,4.846798272313534,4.883720930232558,1.052764892578125,92.1095466360272,0.6232426008058671,92.12121212121212,0.3543317500007106,
metro_32m,main,ring_allreduce,32,8,47,1ceb017360c78324,gbn,400.0,100.0,4096,128,96,4,0.5,8.0,9470,32640,0.05,0.05,iid,8.0,0.0,4,2.0,True,1.5,4.0,,1.0,100000000,3600.0,108.64916288000322,2.4706629014387493,4.323660077517811,1.0809150193794528,58720256,469762048,33554432,4194304,14,0,0.0,114688,3195149,3080461,160277,0,2920167,17,119135,5955,6030,0,337,13496309376,11436960,3529834,5.016260587534416,4.998531078188609,27.859488351004465,3.4806704182060386,0.08474138878542554,92.12121212121212,6.635677125000257,2.40326946916641
bulk_mtu,mtu,bulk,32,1,101,2110201b3141b7e3,uet,400.0,10.0,2048,128,96,4,0.5,8.0,1839,32640,0.05,0.05,iid,8.0,0.0,4,2.0,True,1.5,4.0,,1.0,100000000,3600.0,0.7761996800001814,345.8329897790441,345.8329897790441,86.45824744476103,33554432,33554432,33554432,33554432,1,945,1.845703125,16384,17318,934,907,0,0,26,4476,247,0,935,0,37683968,429696,76458,5.2373253262501445,5.518319928507596,1.0570068359375,89.04166355305259,1.1402620870498563,89.41176470588235,0.12218183299955854,
bulk_loss_sweep,loss_sweep,bulk,32,1,101,2197ba2f4b329aa4,uet,400.0,10.0,4096,128,96,4,0.5,8.0,947,32640,0.1,0.1,iid,8.0,0.0,4,2.0,True,1.5,4.0,,1.0,100000000,3600.0,0.8118066133332353,330.66428825680305,330.66428825680305,82.66607206420076,33554432,33554432,33554432,33554432,1,628,2.453125,8192,9181,989,944,0,0,45,2450,263,0,989,0,38780544,235200,40150,10.282104345931815,10.73469387755102,1.1207275390625,86.52388166602304,0.6064896871998495,87.27272727272727,0.06111074999989796,86.60462583732638
scaleout_256m,main,ring_allreduce,256,8,11,23441394936f3e8b,uet,400.0,10.0,4096,128,96,4,0.5,8.0,947,32640,0.0,0.0,iid,8.0,0.0,4,2.0,True,1.5,4.0,,1.0,100000000,3600.0,9.842869119998875,218.1765928022667,381.8090374039667,95.45225935099168,469762048,3758096384,268435456,33554432,14,12,0.046875,917504,917504,0,0,0,0,0,229488,0,0,0,0,3875536896,22030848,4088784,0.0,0.0,1.0,96.96969696969697,0.5684592507102273,96.96969696969697,0.05595908400027838,100.0
no_spraying,controls,bulk,128,1,71,2345082cc629c82a,uet,400.0,10.0,4096,128,96,4,0.5,8.0,947,32640,0.05,0.05,iid,8.0,0.0,1,0.0,True,1.5,4.0,,1.0,100000000,3600.0,2.9336483199994308,366.00904637410946,366.00904637410946,91.50226159352736,134217728,134217728,134217728,134217728,1,673,2.62890625,32768,34503,1735,1713,0,0,22,8851,409,0,1735,0,145740672,849696,152917,4.964785670811234,4.620946785673935,1.052947998046875,92.09352897727821,0.5830191314062282,92.12121212121212,0.26401137499942706,
wan_large_bulk,wan_window,bulk,1024,1,71,240db40ce0a176b7,uet,400.0,1000.0,4096,128,96,4,0.5,8.0,32640,32640,0.05,0.05,iid,8.0,0.0,4,2.0,True,1.5,4.0,,1.0,100000000,3600.0,44.88760170662593,191.36541640477142,191.36541640477142,47.841354101192856,1073741824,1073741824,1073741824,1073741824,1,32531,127.07421875,262144,364197,102053,18346,0,0,83707,155810,7746,0,102051,2,1538368128,14957760,1712684,5.037383613813403,4.971439573839933,1.3893013000488281,69.79745643820307,0.9723134357604164,92.12121212121212,9.386202375000721,
bulk_window,window,bulk,128,1,11,25072987aff47720,uet,400.0,10.0,4096,128,96,4,0.5,8.0,947,32640,0.05,0.05,iid,8.0,0.0,4,2.0,True,1.5,4.0,,1.0,100000000,3600.0,2.936563093332767,365.64575317242304,365.64575317242304,91.41143829310576,134217728,134217728,134217728,134217728,1,513,2.00390625,32768,34471,1703,1671,0,0,32,8840,430,0,1703,0,145605504,848640,152880,4.847553015578312,4.864253393665158,1.051971435546875,92.17902092492328,0.5828351104090131,92.12121212121212,0.2715699160007716,
bulk_window,window,bulk,128,1,71,25756064a363e224,uet,400.0,10.0,4096,128,96,4,0.5,4.0,474,32640,0.05,0.05,iid,8.0,0.0,4,2.0,True,1.5,4.0,,1.0,100000000,3600.0,2.990764266666109,359.0192098947774,359.0192098947774,89.75480247369435,134217728,134217728,134217728,134217728,1,470,1.8359375,32768,34518,1750,1714,0,0,36,8882,409,0,1749,1,145804032,852672,153232,4.9655252332116575,4.604818734519252,1.05340576171875,92.05350919239325,0.5848068728305127,92.12121212121212,0.26714850000007573,
scaleout_1g,main,ring_allreduce,1024,8,11,26c26e19de06cd16,uet,400.0,10.0,4096,128,96,4,0.5,8.0,947,32640,0.05,0.05,iid,8.0,0.0,4,2.0,True,1.5,4.0,,1.0,100000000,3600.0,41.50256223999202,206.97359701138424,362.2037947699224,90.5509486924806,1879048192,15032385536,1073741824,134217728,14,825,3.22265625,3670016,3866997,196981,193803,0,0,3176,992275,49734,0,196976,5,16334195328,95258400,17145434,5.01171839543708,5.012118616311002,1.0536730630057198,92.03015657729742,0.583183916239256,92.12121212121212,30.88179154200043,93.75179203393672
bulk_window,window,bulk,128,1,101,2aa7d450ed77de67,uet,400.0,10.0,4096,128,96,4,0.5,8.0,947,32640,0.05,0.05,iid,8.0,0.0,4,2.0,True,1.5,4.0,,1.0,100000000,3600.0,2.946053119999428,364.4679102053015,364.4679102053015,91.11697755132538,134217728,134217728,134217728,134217728,1,511,1.99609375,32768,34580,1812,1780,0,0,32,8871,492,0,1812,0,146065920,851616,153162,5.147484094852516,5.546161650321271,1.0552978515625,91.8884624147782,0.5830353856669647,92.12121212121212,0.2651295839996237,
metro_32m,main,ring_allreduce,32,8,71,2b9b44fc9b5234bb,uet,400.0,100.0,4096,128,96,4,0.5,8.0,9470,32640,0.05,0.05,iid,8.0,0.0,4,2.0,True,1.5,4.0,,1.0,100000000,3600.0,9.166023040000006,29.285924203830042,51.25036735670257,12.81259183917564,58720256,469762048,33554432,4194304,14,1018,3.9765625,114688,121076,6388,6145,0,0,241,33466,1668,0,6381,7,511425024,3212736,533627,5.075324589514024,4.984163031136078,1.0556989397321428,91.8535515383776,0.6281929606948603,92.12121212121212,0.8415617919999931,28.639816292672105
metro_32m,main,ring_allreduce,32,8,11,2bf961f70a2f227e,gbn,400.0,100.0,4096,128,96,4,0.5,8.0,9470,32640,0.0,0.0,iid,8.0,0.0,4,2.0,True,1.5,4.0,,1.0,100000000,3600.0,2.6111321600000017,102.80423952190908,179.9074191633409,44.976854790835226,58720256,469762048,33554432,4194304,14,0,0.0,114688,114688,0,0,0,0,0,28672,0,0,0,0,484442112,2752512,172032,0.0,0.0,1.0,96.96969696969697,0.5681818181818182,96.96969696969697,0.004543624999314488,100.0
wan_32m,main,ring_allreduce,32,8,101,2f32495bcb7b1311,uet,400.0,1000.0,4096,128,96,4,0.5,8.0,32640,32640,0.05,0.05,iid,8.0,0.0,4,2.0,True,1.5,4.0,,1.0,100000000,3600.0,75.90454506666667,3.536487252037861,6.1888526910662565,1.5472131727665641,58720256,469762048,33554432,4194304,14,1010,3.9453125,114688,120764,6076,5875,0,0,201,33228,1653,0,6069,7,510107136,3189888,528424,4.864860388857607,4.974720115565186,1.052978515625,92.09085990908389,0.6253368704099054,92.12121212121212,0.8766212499995163,20.058261526536807
bulk_window,window,bulk,128,1,29,335abd508deb78a9,uet,400.0,10.0,4096,128,96,4,0.5,2.0,237,32640,0.05,0.05,iid,8.0,0.0,4,2.0,True,1.5,4.0,,1.0,100000000,3600.0,4.216290453333067,254.66505115917343,254.66505115917343,63.66626278979336,134217728,134217728,134217728,134217728,1,236,0.921875,32768,34507,1739,1668,0,0,71,9264,468,0,1735,4,145757568,889344,157207,4.833801837308372,5.051813471502591,1.053070068359375,92.0828536326841,0.6101528807066814,92.12121212121212,0.2746142089999921,
control_reliable,controls,bulk,128,1,71,33eb5064f584ac9b,uet,400.0,10.0,4096,128,96,4,0.5,8.0,947,32640,0.05,0.0,iid,8.0,0.0,4,2.0,True,1.5,4.0,,1.0,100000000,3600.0,2.932648319999431,366.13385133073456,366.13385133073456,91.53346283268364,134217728,134217728,134217728,134217728,1,666,2.6015625,32768,34481,1713,1713,0,0,0,8838,0,0,1713,0,145647744,848448,153219,4.967953365621646,0.0,1.052276611328125,92.1522876454578,0.5825342547015352,92.12121212121212,0.26653095799974835,
wan_32m,main,ring_allreduce,32,8,47,33eecb1c20cd3e87,gbn,400.0,1000.0,4096,128,96,4,0.5,8.0,32640,32640,0.05,0.05,iid,8.0,0.0,4,2.0,True,1.5,4.0,,1.0,100000000,3600.0,1074.349162879989,0.2498586728363149,0.43725267746355106,0.10931316936588778,58720256,469762048,33554432,4194304,14,0,0.0,114688,3195149,3080461,160277,0,2920167,17,119135,5955,6030,0,337,13496309376,11436960,3529834,5.016260587534416,4.998531078188609,27.859488351004465,3.4806704182060386,0.08474138878542554,92.12121212121212,6.492409542000132,1.4158462337536317
burst_fast,recovery,bulk,32,1,29,33fff87ab2171218,uet,400.0,10.0,4096,128,96,4,0.5,8.0,947,32640,0.05,0.05,burst,8.0,0.0,4,2.0,True,1.5,4.0,,1.0,100000000,3600.0,0.7341507199999127,365.6407992081407,365.6407992081407,91.41019980203518,33554432,33554432,33554432,33554432,1,333,1.30078125,8192,8560,368,366,0,0,2,2217,100,0,368,0,36157440,212832,37668,4.275700934579439,4.510599909788001,1.044921875,92.80090625885019,0.588625743415463,92.12121212121212,0.05945129200063093,
bulk_mtu,mtu,bulk,32,1,47,380e4a99dcb290e3,uet,400.0,10.0,4096,128,96,4,0.5,8.0,947,32640,0.05,0.05,iid,8.0,0.0,4,2.0,True,1.5,4.0,,1.0,100000000,3600.0,0.778815466666578,344.6714497709392,344.6714497709392,86.1678624427348,33554432,33554432,33554432,33554432,1,485,1.89453125,8192,8638,446,439,0,0,7,2209,127,0,445,1,36486912,212064,38349,5.082194952535309,5.749207786328656,1.054443359375,91.96292632273183,0.5812056662948073,92.12121212121212,0.057422333000431536,
wan_fixed_window,wan_window,bulk,128,1,11,39e4af8fc7447cc8,uet,400.0,1000.0,4096,128,96,4,0.5,8.0,512,32640,0.05,0.05,iid,8.0,0.0,4,2.0,True,1.5,4.0,,1.0,100000000,3600.0,199.89808442664918,5.371446290141915,5.371446290141915,1.3428615725354787,134217728,134217728,134217728,134217728,1,511,1.99609375,32768,34509,1741,1672,0,0,69,9690,477,0,1730,11,145766016,930240,163156,4.84511286910661,4.922600619195046,1.053131103515625,92.07751688843578,0.6381734409205504,92.12121212121212,0.300568084000588,
wan_fixed_window,wan_window,bulk,128,1,29,3c07ac800ea2eba0,uet,400.0,1000.0,4096,128,96,4,0.5,8.0,8192,32640,0.05,0.05,iid,8.0,0.0,4,2.0,True,1.5,4.0,,1.0,100000000,3600.0,19.48647296000151,55.10190716421556,55.10190716421556,13.77547679105389,134217728,134217728,134217728,134217728,1,8175,31.93359375,32768,34512,1744,1668,0,0,76,9476,475,0,1744,0,145778688,909696,163469,4.833101529902643,5.0126635711270575,1.05322265625,92.06951293182169,0.6240253719391411,92.12121212121212,0.3617937910003093,
bulk_window,window,bulk,128,1,11,3c22b774e38fbe1d,uet,400.0,10.0,4096,128,96,4,0.5,4.0,474,32640,0.05,0.05,iid,8.0,0.0,4,2.0,True,1.5,4.0,,1.0,100000000,3600.0,3.0012593066661077,357.7637632360217,357.7637632360217,89.44094080900543,134217728,134217728,134217728,134217728,1,473,1.84765625,32768,34473,1705,1671,0,0,34,8855,431,0,1705,0,145613952,850080,153057,4.847271777913149,4.867306606437041,1.052032470703125,92.17367302825488,0.5837902126301744,92.12121212121212,0.27453841700025805,
bulk_mtu,mtu,bulk,32,1,47,3df67cae52671dff,uet,400.0,10.0,1024,128,96,4,0.5,8.0,3473,32640,0.05,0.05,iid,8.0,0.0,4,2.0,True,1.5,4.0,,1.0,100000000,3600.0,0.8338304000002504,321.9305220820917,321.9305220820917,80.48263052052293,33554432,33554432,33554432,33554432,1,1877,1.8330078125,32768,35180,2412,1808,0,0,604,9266,497,0,2425,0,40527360,889536,155698,5.139283683911313,5.363695229872652,1.0736083984375,82.79451708672858,2.1949024066704568,84.44444444444444,0.2902102500002002,
bulk_window,window,bulk,128,1,29,3efa1dc07058223f,uet,400.0,10.0,4096,128,96,4,0.5,16.0,1894,32640,0.05,0.05,iid,8.0,0.0,4,2.0,True,1.5,4.0,,1.0,100000000,3600.0,2.9358402133327637,365.7357846396855,365.7357846396855,91.43394615992138,134217728,134217728,134217728,134217728,1,503,1.96484375,32768,34467,1699,1665,0,0,34,8835,442,0,1699,0,145588608,848160,152850,4.830707633388458,5.002829654782117,1.051849365234375,92.18971858017902,0.582573054067527,92.12121212121212,0.26775499999985186,
no_spraying,controls,bulk,128,1,11,3f52e143235bc8f4,uet,400.0,10.0,4096,128,96,4,0.5,8.0,947,32640,0.05,0.05,iid,8.0,0.0,1,0.0,True,1.5,4.0,,1.0,100000000,3600.0,2.93576031999943,365.74573771751517,365.74573771751517,91.43643442937879,134217728,134217728,134217728,134217728,1,502,1.9609375,32768,34470,1702,1671,0,0,31,8824,430,0,1702,0,145601280,847104,152862,4.84769364664926,4.873073436083409,1.05194091796875,92.18169510597708,0.5817970831025662,92.12121212121212,0.2678899590000583,
metro_32m,main,ring_allreduce,32,8,101,433c57e4ea081b9e,gbn,400.0,100.0,4096,128,96,4,0.5,8.0,9470,32640,0.05,0.05,iid,8.0,0.0,4,2.0,True,1.5,4.0,,1.0,100000000,3600.0,111.15720576000315,2.4149172711265567,4.226105224471475,1.0565263061178687,58720256,469762048,33554432,4194304,14,0,0.0,114688,3238932,3124244,161543,0,2962663,38,119055,6097,6085,0,313,13681248768,11429280,3573206,4.987539102395481,5.121162487925749,28.241245814732142,3.433619664154915,0.08353974256160532,92.12121212121212,6.752385124999819,2.349044438592343
fault_fast,recovery,bulk,32,1,71,4343c93948deb6d2,uet,400.0,10.0,4096,128,96,4,0.5,8.0,947,32640,0.05,0.05,iid,8.0,0.0,4,2.0,True,1.5,4.0,,1.0,100000000,3600.0,0.7510367999999118,357.4198441408351,357.4198441408351,89.35496103520877,33554432,33554432,33554432,33554432,1,508,1.984375,8192,8621,429,425,0,0,4,2218,99,0,429,0,36415104,212928,38109,4.92982252638905,4.4634806131650135,1.0523681640625,92.14427068504321,0.5847244044668938,92.12121212121212,0.05718075000004319,
bulk_loss_sweep,loss_sweep,bulk,32,1,47,46c583fbcd5b7d7b,gbn,400.0,10.0,4096,128,96,4,0.5,8.0,947,32640,0.05,0.05,iid,8.0,0.0,4,2.0,True,1.5,4.0,,1.0,100000000,3600.0,5.063290880003639,53.016005274381364,53.016005274381364,13.254001318595341,33554432,33554432,33554432,33554432,1,0,0.0,8192,59763,51571,3016,0,44464,4091,12892,703,636,0,0,252438912,1237632,84041,5.0466007395880395,5.452994104871238,7.2952880859375,13.29209975362277,0.49026989943610594,92.12121212121212,0.17203795799923682,13.865726789913657
bulk_loss_sweep,loss_sweep,bulk,32,1,101,49688580b182ca11,gbn,400.0,10.0,4096,128,96,4,0.5,8.0,947,32640,0.01,0.01,iid,8.0,0.0,4,2.0,True,1.5,4.0,,1.0,100000000,3600.0,1.6502988799997125,162.65869125479063,162.65869125479063,40.664672813697656,33554432,33554432,33554432,33554432,1,0,0.0,8192,19359,11167,196,0,7886,3085,8652,86,126,0,0,81772416,830592,36357,1.0124489901337879,0.9939898289412853,2.3631591796875,41.0339251808336,1.0157361621796768,96.0,0.08527912499994272,42.54151102617495
fault_fast,recovery,bulk,32,1,47,4980c00085123ae6,uet,400.0,10.0,4096,128,96,4,0.5,8.0,947,32640,0.05,0.05,iid,8.0,0.0,4,2.0,True,1.5,4.0,,1.0,100000000,3600.0,0.778815466666578,344.6714497709392,344.6714497709392,86.1678624427348,33554432,33554432,33554432,33554432,1,485,1.89453125,8192,8638,446,439,0,0,7,2209,127,0,445,1,36486912,212064,38349,5.082194952535309,5.749207786328656,1.054443359375,91.96292632273183,0.5812056662948073,92.12121212121212,0.058958624999831954,
trim_fast,recovery,bulk,32,1,71,4abb6e371e7345cb,uet,400.0,10.0,4096,128,96,4,0.5,8.0,947,32640,0.0,0.05,iid,8.0,0.05,4,2.0,True,1.5,4.0,,1.0,100000000,3600.0,0.7546044799999135,355.73000573761607,355.73000573761607,88.93250143440402,33554432,33554432,33554432,33554432,1,290,1.1328125,8192,8604,412,0,408,0,4,2476,113,408,412,0,36343296,237696,38916,0.0,4.563812600969305,1.05029296875,92.3263316568756,0.6540298381302565,92.12121212121212,0.05795791700074915,
bulk_loss_sweep,loss_sweep,bulk,32,1,29,4add522c34266364,gbn,400.0,10.0,4096,128,96,4,0.5,8.0,947,32640,0.001,0.001,iid,8.0,0.0,4,2.0,True,1.5,4.0,,1.0,100000000,3600.0,0.7628876799999061,351.86759864837904,351.86759864837904,87.96689966209476,33554432,33554432,33554432,33554432,1,0,0.0,8192,8912,720,3,0,360,357,2684,2,6,0,0,37644288,257664,14222,0.033662477558348294,0.07451564828614009,1.087890625,89.13552037429955,0.6844703770197487,96.87272727272727,0.039976000000024214,92.02692590343128
fault_rto,recovery,bulk,32,1,101,4d419f8a66cacbaa,uet,400.0,10.0,4096,128,96,4,0.5,8.0,947,32640,0.05,0.05,iid,8.0,0.0,4,2.0,False,1.5,4.0,,1.0,100000000,3600.0,1.138727146666588,235.73290299242876,235.73290299242876,58.93322574810719,33554432,33554432,33554432,33554432,1,946,3.6953125,8192,8783,591,474,0,0,117,2402,130,0,0,591,37099392,230592,30697,5.396789251964021,5.4121565362198165,1.0721435546875,90.44469515834653,0.6215519650564624,92.12121212121212,0.04999291700005415,
wan_large_bulk,wan_window,bulk,1024,1,101,4f89d6c1e02d48eb,uet,400.0,1000.0,4096,128,96,4,0.5,8.0,32640,32640,0.05,0.05,iid,8.0,0.0,4,2.0,True,1.5,4.0,,1.0,100000000,3600.0,46.24168959998072,185.76169396724598,185.76169396724598,46.440423491811494,1073741824,1073741824,1073741824,1073741824,1,32428,126.671875,262144,364274,102130,18315,0,0,83815,154930,7814,0,102102,28,1538693376,14873280,1721526,5.027808737379006,5.043568062996192,1.3895950317382812,69.78270269748663,0.9666175361503604,92.12121212121212,8.731262415999481,
bulk_loss_sweep,loss_sweep,bulk,32,1,71,537a9971b5dabf67,gbn,400.0,10.0,4096,128,96,4,0.5,8.0,947,32640,0.1,0.1,iid,8.0,0.0,4,2.0,True,1.5,4.0,,1.0,100000000,3600.0,9.579886080026373,28.020735712053582,28.020735712053582,7.0051839280133965,33554432,33554432,33554432,33554432,1,0,0.0,8192,111511,103319,11261,0,88330,3728,13159,1290,1244,0,2,471022464,1263264,135184,10.098555299477182,9.803176533171214,13.6121826171875,7.123743465449665,0.26819612577968255,87.27272727272727,0.2592105410003569,7.328501342658836
trim_fast,recovery,bulk,32,1,101,55700ba2b8aab2ce,uet,400.0,10.0,4096,128,96,4,0.5,8.0,947,32640,0.0,0.05,iid,8.0,0.05,4,2.0,True,1.5,4.0,,1.0,100000000,3600.0,0.7561729066665791,354.9921633444106,354.9921633444106,88.74804083610265,33554432,33554432,33554432,33554432,1,465,1.81640625,8192,8672,480,0,469,0,11,2552,143,469,480,0,36630528,244992,39231,0.0,5.603448275862069,1.05859375,91.60237056916024,0.6688191881918819,92.12121212121212,0.061740042000565154,
bulk_window,window,bulk,128,1,11,55bdd244f6703ab5,uet,400.0,10.0,4096,128,96,4,0.5,1.0,119,32640,0.05,0.05,iid,8.0,0.0,4,2.0,True,1.5,4.0,,1.0,100000000,3600.0,7.261312853334455,147.87158268589528,147.87158268589528,36.96789567147382,134217728,134217728,134217728,134217728,1,118,0.4609375,32768,34469,1701,1671,0,0,30,9867,482,0,1689,12,145597056,947232,162654,4.847834285880066,4.8849701023614065,1.051910400390625,92.18436944219532,0.6505845832487163,92.12121212121212,0.27988229200036585,
wan_32m,main,ring_allreduce,32,8,11,58b60ac567930de3,uet,400.0,1000.0,4096,128,96,4,0.5,8.0,32640,32640,0.05,0.05,iid,8.0,0.0,4,2.0,True,1.5,4.0,,1.0,100000000,3600.0,86.38037461333333,3.1075977292481594,5.438296026184279,1.3595740065460697,58720256,469762048,33554432,4194304,14,1017,3.97265625,114688,120850,6162,5932,0,0,230,33300,1646,0,6157,5,510470400,3196800,533027,4.9085643359536615,4.942942942942943,1.0537283761160714,92.02532566041047,0.6262459096550946,92.12121212121212,0.8787312499998734,17.625684338777926
bulk_loss_sweep,loss_sweep,bulk,32,1,71,58ee155b6b537a45,uet,400.0,10.0,4096,128,96,4,0.5,8.0,947,32640,0.01,0.01,iid,8.0,0.0,4,2.0,True,1.5,4.0,,1.0,100000000,3600.0,0.7132467199999206,376.3570844041595,376.3570844041595,94.08927110103987,33554432,33554432,33554432,33554432,1,345,1.34765625,8192,8268,76,76,0,0,0,2077,11,0,76,0,34924032,199392,36855,0.919206579583938,0.5296100144439095,1.00927734375,96.0783451349489,0.5709306416853587,96.0,0.05471091600065847,98.57207334931702
bulk_loss_sweep,loss_sweep,bulk,32,1,11,599905116ee467b5,uet,400.0,10.0,4096,128,96,4,0.5,8.0,947,32640,0.001,0.001,iid,8.0,0.0,4,2.0,True,1.5,4.0,,1.0,100000000,3600.0,0.7037379199999194,381.44236422563495,381.44236422563495,95.36059105640874,33554432,33554432,33554432,33554432,1,189,0.73828125,8192,8203,11,11,0,0,0,2054,0,0,11,0,34649472,197184,36541,0.1340972814823845,0.0,1.0013427734375,96.8396632421989,0.5690822648033425,96.87272727272727,0.05746395900041534,99.90396424850888
wan_fixed_window,wan_window,bulk,128,1,101,5c06528d448937c4,uet,400.0,1000.0,4096,128,96,4,0.5,8.0,32640,32640,0.05,0.05,iid,8.0,0.0,4,2.0,True,1.5,4.0,,1.0,100000000,3600.0,9.041906879999512,118.7517011898333,118.7517011898333,29.687925297458325,134217728,134217728,134217728,134217728,1,31836,124.359375,32768,45652,12884,2334,0,0,10550,19697,1025,0,12883,1,192834048,1890912,219768,5.11259090510821,5.203838147941311,1.3931884765625,69.60271248363775,0.980590315668735,92.12121212121212,0.584241875000771,
scaleout_1g,main,ring_allreduce,1024,8,11,5cca6b94649b89dc,gbn,400.0,10.0,4096,128,96,4,0.5,8.0,947,32640,0.05,0.05,iid,8.0,0.0,4,2.0,True,1.5,4.0,,1.0,100000000,3600.0,290.81583872121024,29.537368493312073,51.69039486329613,12.922598715824032,1879048192,15032385536,1073741824,134217728,14,0,0.0,3670016,26665390,22995374,1334596,0,19855926,1804852,5738060,286913,282264,0,68,112634607360,550853760,37525972,5.004974613159605,5.000174274929157,7.26574216570173,13.346151674284133,0.48906261841831133,92.12121212121212,82.94022712500009,13.37457960028079
scaleout_32m,main,ring_allreduce,32,8,29,5fe7ae4f07ce307a,gbn,400.0,10.0,4096,128,96,4,0.5,8.0,947,32640,0.05,0.05,iid,8.0,0.0,4,2.0,True,1.5,4.0,,1.0,100000000,3600.0,10.997171199999016,24.40950050864208,42.71662589012364,10.67915647253091,58720256,469762048,33554432,4194304,14,0,0.0,114688,782685,667997,38866,0,579570,49561,170094,8450,8421,0,45,3306061440,16329024,1112004,4.9657269527332195,4.967841311274942,6.824471609933036,14.209114274657884,0.49391169209486924,92.12121212121212,2.028414707999218,12.28617919488352
burst_fast,recovery,bulk,32,1,71,6135686f212db922,uet,400.0,10.0,4096,128,96,4,0.5,8.0,947,32640,0.05,0.05,burst,8.0,0.0,4,2.0,True,1.5,4.0,,1.0,100000000,3600.0,0.7496575999999125,358.0774156095147,358.0774156095147,89.51935390237867,33554432,33554432,33554432,33554432,1,621,2.42578125,8192,8586,394,387,0,0,7,2234,100,0,394,0,36267264,214464,37977,4.5073375262054505,4.476275738585497,1.048095703125,92.51988790772857,0.5913432014060945,92.12121212121212,0.05698012499942706,
bulk_mtu,mtu,bulk,32,1,29,62280c54a8e18beb,uet,400.0,10.0,1024,128,96,4,0.5,8.0,3473,32640,0.05,0.05,iid,8.0,0.0,4,2.0,True,1.5,4.0,,1.0,100000000,3600.0,0.8412502400002382,319.0910899471767,319.0910899471767,79.77277248679418,33554432,33554432,33554432,33554432,1,1839,1.7958984375,32768,35028,2260,1693,0,0,567,9237,467,0,2265,0,40352256,886752,155736,4.833276236153934,5.0557540326945976,1.0689697265625,83.15379442477764,2.1975276921320086,84.44444444444444,0.28522191699994437,
burst_fast,recovery,bulk,32,1,47,63c13fae78651742,uet,400.0,10.0,4096,128,96,4,0.5,8.0,947,32640,0.05,0.05,burst,8.0,0.0,4,2.0,True,1.5,4.0,,1.0,100000000,3600.0,0.7670322133332452,349.9663395276143,349.9663395276143,87.49158488190358,33554432,33554432,33554432,33554432,1,343,1.33984375,8192,8635,443,442,0,0,1,2235,128,0,443,0,36474240,214560,38252,5.118702953097857,5.727069351230425,1.0540771484375,91.99487638399046,0.588250776438385,92.12121212121212,0.05980804199953127,
bulk_window,window,bulk,128,1,47,64475cbc19fcb8b3,uet,400.0,10.0,4096,128,96,4,0.5,1.0,119,32640,0.05,0.05,iid,8.0,0.0,4,2.0,True,1.5,4.0,,1.0,100000000,3600.0,7.552899893334561,142.16285654038361,142.16285654038361,35.540714135095904,134217728,134217728,134217728,134217728,1,118,0.4609375,32768,34603,1835,1778,0,0,57,9971,531,0,1817,18,146163072,957216,163546,5.138282807849031,5.325443786982248,1.055999755859375,91.82738578455712,0.6548959233697551,92.12121212121212,0.2749227909998808,
control_reliable,controls,bulk,128,1,11,647af40ec2d8233c,uet,400.0,10.0,4096,128,96,4,0.5,8.0,947,32640,0.05,0.0,iid,8.0,0.0,4,2.0,True,1.5,4.0,,1.0,100000000,3600.0,2.931540906666098,366.2721613600527,366.2721613600527,91.56804034001317,134217728,134217728,134217728,134217728,1,513,2.00390625,32768,34434,1666,1666,0,0,0,8817,0,0,1666,0,145449216,846432,153107,4.838241273160248,0.0,1.05084228515625,92.27806906845066,0.5819433224033329,92.12121212121212,0.30931129200052965,
wan_fixed_window,wan_window,bulk,128,1,47,649c802b17c82359,uet,400.0,1000.0,4096,128,96,4,0.5,8.0,32640,32640,0.05,0.05,iid,8.0,0.0,4,2.0,True,1.5,4.0,,1.0,100000000,3600.0,8.15790709333282,131.61976616251644,131.61976616251644,32.90494154062911,134217728,134217728,134217728,134217728,1,31656,123.65625,32768,45723,12955,2346,0,0,10609,19773,1046,0,12955,0,193133952,1898208,218571,5.130896922774096,5.290041976432509,1.395355224609375,69.49463137377316,0.9828453155662656,92.12121212121212,0.58715412499987,
scaleout_1g,main,ring_allreduce,1024,8,101,64e670f3cbfc1d16,gbn,400.0,10.0,4096,128,96,4,0.5,8.0,947,32640,0.05,0.05,iid,8.0,0.0,4,2.0,True,1.5,4.0,,1.0,100000000,3600.0,289.79553024120446,29.641363291043074,51.872385759325375,12.968096439831346,1879048192,15032385536,1073741824,134217728,14,0,0.0,3670016,26638000,22967984,1332805,0,19834050,1801129,5734654,286866,281782,0,56,112518912000,550526784,37490717,5.003397402207373,5.002324464562291,7.258278982979911,13.35987459245962,0.48927489096232996,92.12121212121212,82.48854379100067,13.421668652935676
scaleout_1g,main,ring_allreduce,1024,8,29,64ff0c90e2a54c7c,uet,400.0,10.0,4096,128,96,4,0.5,8.0,947,32640,0.05,0.05,iid,8.0,0.0,4,2.0,True,1.5,4.0,,1.0,100000000,3600.0,41.44814943999202,207.2453102987474,362.67929302280794,90.66982325570198,1879048192,15032385536,1073741824,134217728,14,867,3.38671875,3670016,3866128,196112,193049,0,0,3060,991959,49480,0,196104,9,16330524672,95228064,17143071,4.993342175944511,4.988109387585576,1.053436279296875,92.05084244337989,0.5831292375025536,92.12121212121212,30.829280959000243,93.87486863876727
no_spraying,controls,bulk,128,1,47,66ab3fe208943975,uet,400.0,10.0,4096,128,96,4,0.5,8.0,947,32640,0.05,0.05,iid,8.0,0.0,1,0.0,True,1.5,4.0,,1.0,100000000,3600.0,2.943025599999429,364.8428420059304,364.8428420059304,91.2107105014826,134217728,134217728,134217728,134217728,1,497,1.94140625,32768,34566,1798,1776,0,0,22,8868,475,0,1798,0,146006784,851328,153111,5.1379968755424406,5.356337392873252,1.05487060546875,91.92567928898427,0.5830742768774361,92.12121212121212,0.2588373339995087,
bulk_loss_sweep,loss_sweep,bulk,32,1,47,68a399b22a28cd32,gbn,400.0,10.0,4096,128,96,4,0.5,8.0,947,32640,0.01,0.01,iid,8.0,0.0,4,2.0,True,1.5,4.0,,1.0,100000000,3600.0,1.6609433599997103,161.61626125531868,161.61626125531868,40.40406531382967,33554432,33554432,33554432,33554432,1,0,0.0,8192,19536,11344,187,0,8420,2737,8492,97,129,0,0,82520064,815232,36208,0.9572072072072072,1.1422515308525671,2.384765625,40.66214975305884,0.987919737919738,96.0,0.07493312499991589,42.26887544196823
bulk_loss_sweep,loss_sweep,bulk,32,1,47,6a4f234af7ee9ca0,uet,400.0,10.0,4096,128,96,4,0.5,8.0,947,32640,0.01,0.01,iid,8.0,0.0,4,2.0,True,1.5,4.0,,1.0,100000000,3600.0,0.7143633066665867,375.7688188837593,375.7688188837593,93.94220472093983,33554432,33554432,33554432,33554432,1,363,1.41796875,8192,8278,86,85,0,0,1,2086,29,0,86,0,34966272,200256,36879,1.026818071998067,1.3902205177372962,1.010498046875,95.96228045128746,0.5727118979112215,96.0,0.053875499999776366,98.41800011825892
bulk_window,window,bulk,128,1,29,6b0a35537e130add,uet,400.0,10.0,4096,128,96,4,0.5,8.0,947,32640,0.05,0.05,iid,8.0,0.0,4,2.0,True,1.5,4.0,,1.0,100000000,3600.0,2.9358402133327637,365.7357846396855,365.7357846396855,91.43394615992138,134217728,134217728,134217728,134217728,1,503,1.96484375,32768,34467,1699,1665,0,0,34,8835,442,0,1699,0,145588608,848160,152850,4.830707633388458,5.002829654782117,1.051849365234375,92.18971858017902,0.582573054067527,92.12121212121212,0.26768408299994917,
scaleout_32m,main,ring_allreduce,32,8,101,6e1b5f8fc50827c1,gbn,400.0,10.0,4096,128,96,4,0.5,8.0,947,32640,0.05,0.05,iid,8.0,0.0,4,2.0,True,1.5,4.0,,1.0,100000000,3600.0,10.489838079999029,25.5900476206421,44.78258333612367,11.195645834030918,58720256,469762048,33554432,4194304,14,0,0.0,114688,777300,662612,38532,0,574455,49625,170099,8622,8298,0,39,3283315200,16329504,1106449,4.957159397915863,5.068812867800516,6.777518136160714,14.307552561508563,0.49734804626738244,92.12121212121212,2.0008986250004455,12.880391000278687
scaleout_32m,main,ring_allreduce,32,8,29,6e710089efd45b80,uet,400.0,10.0,4096,128,96,4,0.5,8.0,947,32640,0.05,0.05,iid,8.0,0.0,4,2.0,True,1.5,4.0,,1.0,100000000,3600.0,1.8549089066666675,144.7162472697311,253.2534327220294,63.31335818050735,58720256,469762048,33554432,4194304,14,524,2.046875,114688,120726,6038,5908,0,0,126,31486,1569,0,6035,3,509946624,3022656,523083,4.89372628928317,4.983167121895446,1.0526471819196428,92.11984664496966,0.5927396824966529,92.12121212121212,0.7565998330001094,73.59564424396392
fault_fast,recovery,bulk,32,1,29,6f7decc4669ad143,uet,400.0,10.0,4096,128,96,4,0.5,8.0,947,32640,0.05,0.05,iid,8.0,0.0,4,2.0,True,1.5,4.0,,1.0,100000000,3600.0,0.7693039999999115,348.9328743903982,348.9328743903982,87.23321859759955,33554432,33554432,33554432,33554432,1,497,1.94140625,8192,8644,452,445,0,0,7,2215,100,0,452,0,36512256,212640,38383,5.14807959278112,4.514672686230249,1.05517578125,91.89909273204044,0.5823797905010306,92.12121212121212,0.05606654199982586,
bulk_loss_sweep,loss_sweep,bulk,32,1,47,700134226da129c4,uet,400.0,10.0,4096,128,96,4,0.5,8.0,947,32640,0.05,0.05,iid,8.0,0.0,4,2.0,True,1.5,4.0,,1.0,100000000,3600.0,0.778815466666578,344.6714497709392,344.6714497709392,86.1678624427348,33554432,33554432,33554432,33554432,1,485,1.89453125,8192,8638,446,439,0,0,7,2209,127,0,445,1,36486912,212064,38349,5.082194952535309,5.749207786328656,1.054443359375,91.96292632273183,0.5812056662948073,92.12121212121212,0.05923650000022462,90.27325600107919
scaleout_32m,main,ring_allreduce,32,8,47,70f22fef525af820,uet,400.0,10.0,4096,128,96,4,0.5,8.0,947,32640,0.05,0.05,iid,8.0,0.0,4,2.0,True,1.5,4.0,,1.0,100000000,3600.0,1.8238485333333347,147.18078343347798,257.5663710085865,64.39159275214662,58720256,469762048,33554432,4194304,14,519,2.02734375,114688,120697,6009,5905,0,0,103,31479,1567,0,6005,4,509824128,3021984,522865,4.892416547221555,4.977921789129261,1.0523943219866072,92.14198038112468,0.5927502905472531,92.12121212121212,0.7538349160004145,74.84898745977738
bulk_loss_sweep,loss_sweep,bulk,32,1,11,730db6808f8c7650,gbn,400.0,10.0,4096,128,96,4,0.5,8.0,947,32640,0.0,0.0,iid,8.0,0.0,4,2.0,True,1.5,4.0,,1.0,100000000,3600.0,0.7020620799999195,382.3528768282582,382.3528768282582,95.58821920706455,33554432,33554432,33554432,33554432,1,0,0.0,8192,8192,0,0,0,0,0,2050,0,0,0,0,34603008,196800,12234,0.0,0.0,1.0,96.96969696969697,0.5687366832386364,96.96969696969697,0.02551420899999357,100.0
bulk_mtu,mtu,bulk,32,1,47,7496b3bc426d844f,uet,400.0,10.0,2048,128,96,4,0.5,8.0,1839,32640,0.05,0.05,iid,8.0,0.0,4,2.0,True,1.5,4.0,,1.0,100000000,3600.0,0.7872393600001796,340.98327603937224,340.98327603937224,85.24581900984306,33554432,33554432,33554432,33554432,1,957,1.869140625,16384,17308,924,893,0,0,31,4436,255,0,924,0,37662208,425856,76674,5.159463831754102,5.748422001803426,1.056396484375,89.09310893296538,1.1307249962615045,89.41176470588235,0.12840879199939081,
scaleout_256m,main,ring_allreduce,256,8,71,74fbb99e10a4714d,uet,400.0,10.0,4096,128,96,4,0.5,8.0,947,32640,0.05,0.05,iid,8.0,0.0,4,2.0,True,1.5,4.0,,1.0,100000000,3600.0,10.93056223999877,196.4659823390971,343.81546909341995,85.95386727335499,469762048,3758096384,268435456,33554432,14,819,3.19921875,917504,966194,48690,47935,0,0,750,248215,12392,0,48680,11,4081203456,23828640,4277049,4.96121896844733,4.99244606490341,1.053067888532366,92.08304424213445,0.5838630751174195,92.12121212121212,6.450684792000175,90.04906521624622
bulk_window,window,bulk,128,1,11,76121c3f75223550,uet,400.0,10.0,4096,128,96,4,0.5,2.0,237,32640,0.05,0.05,iid,8.0,0.0,4,2.0,True,1.5,4.0,,1.0,100000000,3600.0,4.361695946666644,246.17530362715675,246.17530362715675,61.54382590678919,134217728,134217728,134217728,134217728,1,236,0.921875,32768,34509,1741,1672,0,0,69,9305,451,0,1734,7,145766016,893280,157393,4.84511286910661,4.846856528747985,1.053131103515625,92.07751688843578,0.6128177366115295,92.12121212121212,0.2816369169995596,
bulk_window,window,bulk,128,1,101,77e67a95e09577ad,uet,400.0,10.0,4096,128,96,4,0.5,2.0,237,32640,0.05,0.05,iid,8.0,0.0,4,2.0,True,1.5,4.0,,1.0,100000000,3600.0,4.300644906666489,249.66995585605733,249.66995585605733,62.41748896401433,134217728,134217728,134217728,134217728,1,236,0.921875,32768,34613,1845,1783,0,0,62,9321,514,0,1839,7,146205312,894816,157609,5.1512437523473835,5.514429782212209,1.056304931640625,91.800856045504,0.6120270103455612,92.12121212121212,0.2697838750000301,
bulk_mtu,mtu,bulk,32,1,29,7b2462b52a998bf6,uet,400.0,10.0,2048,128,96,4,0.5,8.0,1839,32640,0.05,0.05,iid,8.0,0.0,4,2.0,True,1.5,4.0,,1.0,100000000,3600.0,0.7792474666668434,344.4803704633228,344.4803704633228,86.1200926158307,33554432,33554432,33554432,33554432,1,666,1.30078125,16384,17286,902,850,0,0,52,4457,222,0,903,0,37614336,427872,76505,4.917274094643064,4.98092887592551,1.0550537109375,89.2064982883122,1.1375237356310104,89.41176470588235,0.12192566600060672,
bulk_loss_sweep,loss_sweep,bulk,32,1,101,7d8b7dff357d167a,gbn,400.0,10.0,4096,128,96,4,0.5,8.0,947,32640,0.1,0.1,iid,8.0,0.0,4,2.0,True,1.5,4.0,,1.0,100000000,3600.0,9.7237657600274,27.60612119056677,27.60612119056677,6.901530297641694,33554432,33554432,33554432,33554432,1,0,0.0,8192,113862,105670,11534,0,90455,3681,13153,1384,1284,0,1,480953088,1262688,137471,10.129806256696703,10.522314300919943,13.899169921875,6.9766538228360435,0.26253870315102334,87.27272727272727,0.26422487499985436,7.220063680328118
scaleout_1g,main,ring_allreduce,1024,8,101,7ea044988a04571b,uet,400.0,10.0,4096,128,96,4,0.5,8.0,947,32640,0.05,0.05,iid,8.0,0.0,4,2.0,True,1.5,4.0,,1.0,100000000,3600.0,41.66687647999202,206.15739209836843,360.7754361721448,90.1938590430362,1879048192,15032385536,1073741824,134217728,14,845,3.30078125,3670016,3865962,195946,192839,0,0,3107,991634,49707,0,195941,5,16329823488,95196864,17142304,4.988124559941355,5.012635710352812,1.0533910478864397,92.05479500159065,0.5829632149420083,92.12121212121212,30.946391125000446,93.3820797886694
bulk_mtu,mtu,bulk,32,1,101,7f7b9a4cbdcc4ca7,uet,400.0,10.0,4096,128,96,4,0.5,8.0,947,32640,0.05,0.05,iid,8.0,0.0,4,2.0,True,1.5,4.0,,1.0,100000000,3600.0,0.7565941333332442,354.79452479678,354.79452479678,88.698631199195,33554432,33554432,33554432,33554432,1,496,1.9375,8192,8667,475,465,0,0,10,2234,122,0,475,0,36609408,214464,38268,5.365178262374524,5.461056401074306,1.0579833984375,91.65521605812364,0.5858166294303366,92.12121212121212,0.05747679100022651,
wan_large_bulk,wan_window,bulk,1024,1,47,817dccfd2c6c0a50,uet,400.0,1000.0,4096,128,96,4,0.5,8.0,32640,32640,0.05,0.05,iid,8.0,0.0,4,2.0,True,1.5,4.0,,1.0,100000000,3600.0,47.48632170656865,180.8928188853966,180.8928188853966,45.22320472134915,1073741824,1073741824,1073741824,1073741824,1,32619,127.41796875,262144,367608,105464,18482,0,0,86982,158563,7931,0,105461,3,1552776192,15222048,1735015,5.0276381362755975,5.001797392834394,1.402313232421875,69.14981241546496,0.9803117846876416,92.12121212121212,9.575021916999503,
bulk_loss_sweep,loss_sweep,bulk,32,1,11,81a759ac2bb738f6,uet,400.0,10.0,4096,128,96,4,0.5,8.0,947,32640,0.0,0.0,iid,8.0,0.0,4,2.0,True,1.5,4.0,,1.0,100000000,3600.0,0.7030620799999195,381.80903740396684,381.80903740396684,95.45225935099171,33554432,33554432,33554432,33554432,1,12,0.046875,8192,8192,0,0,0,0,0,2049,0,0,0,0,34603008,196704,36507,0.0,0.0,1.0,96.96969696969697,0.5684592507102273,96.96969696969697,0.054898709000553936,100.0
scaleout_256m,main,ring_allreduce,256,8,101,83b92873141a7e96,uet,400.0,10.0,4096,128,96,4,0.5,8.0,947,32640,0.05,0.05,iid,8.0,0.0,4,2.0,True,1.5,4.0,,1.0,100000000,3600.0,10.803179199998764,198.7825628219002,347.86948493832534,86.96737123458134,469762048,3758096384,268435456,33554432,14,845,3.30078125,917504,966126,48622,47851,0,0,765,248166,12510,0,48612,10,4080916224,23823936,4275769,4.952873641740311,5.0409806339305145,1.0529937744140625,92.08952543300236,0.583788901617011,92.12121212121212,6.533160624999255,91.11085670040539
wan_32m,main,ring_allreduce,32,8,11,83ea14a2a0995aba,gbn,400.0,1000.0,4096,128,96,4,0.5,8.0,32640,32640,0.05,0.05,iid,8.0,0.0,4,2.0,True,1.5,4.0,,1.0,100000000,3600.0,1113.3524095999917,0.24110555982579154,0.42193472969513524,0.10548368242378381,58720256,469762048,33554432,4194304,14,0,0.0,114688,3142951,3028263,157604,0,2870617,42,118955,6007,5974,0,372,13275825024,11419680,3478188,5.014522975382054,5.04980875120844,27.40435791015625,3.5384772483123683,0.08601860885749499,92.12121212121212,6.474531542000477,1.366245945923366
scaleout_32m,main,ring_allreduce,32,8,11,8439c513a29d1543,uet,400.0,10.0,4096,128,96,4,0.5,8.0,947,32640,0.05,0.05,iid,8.0,0.0,4,2.0,True,1.5,4.0,,1.0,100000000,3600.0,1.9457040000000005,137.96315164074286,241.4355153713,60.35887884282501,58720256,469762048,33554432,4194304,14,679,2.65234375,114688,120762,6074,5926,0,0,147,31502,1547,0,6065,9,510098688,3024192,525097,4.907172786141336,4.910799314329249,1.0529610770089286,92.09238507196474,0.5928641008384636,92.12121212121212,0.7526455410006747,70.16134828319215
scaleout_256m,main,ring_allreduce,256,8,47,8535785a18ad661f,uet,400.0,10.0,4096,128,96,4,0.5,8.0,947,32640,0.05,0.05,iid,8.0,0.0,4,2.0,True,1.5,4.0,,1.0,100000000,3600.0,10.774185706665435,199.3174896429957,348.80560687524246,87.20140171881062,469762048,3758096384,268435456,33554432,14,660,2.578125,917504,966881,49377,48621,0,0,750,248465,12522,0,49372,5,4084105344,23852640,4278192,5.028643649011616,5.0397440283339705,1.053816659109933,92.0176162821328,0.5840358656527347,92.12121212121212,6.629622417000064,91.35603736540014
wan_32m,main,ring_allreduce,32,8,11,85d10b01d86d0cec,uet,400.0,1000.0,4096,128,96,4,0.5,8.0,32640,32640,0.0,0.0,iid,8.0,0.0,4,2.0,True,1.5,4.0,,1.0,100000000,3600.0,15.225132159999994,17.63107559126765,30.854382284718387,7.713595571179596,58720256,469762048,33554432,4194304,14,12,0.046875,114688,114688,0,0,0,0,0,28784,0,0,0,0,484442112,2763264,315728,0.0,0.0,1.0,96.96969696969697,0.5704012784090909,96.96969696969697,0.011365958000169485,100.0
scaleout_32m,main,ring_allreduce,32,8,101,87c4a0ba95d8c281,uet,400.0,10.0,4096,128,96,4,0.5,8.0,947,32640,0.05,0.05,iid,8.0,0.0,4,2.0,True,1.5,4.0,,1.0,100000000,3600.0,1.9938748800000006,134.63004057706968,235.60257100987192,58.90064275246798,58720256,469762048,33554432,4194304,14,511,1.99609375,114688,120682,5994,5869,0,0,119,31485,1563,0,5985,9,509760768,3022560,523458,4.863194179745116,4.964268699380657,1.0522635323660714,92.15343303939781,0.5929369597936576,92.12121212121212,0.7804956669997409,68.46629012147447
metro_32m,main,ring_allreduce,32,8,47,89f4d5050b13efdc,uet,400.0,100.0,4096,128,96,4,0.5,8.0,9470,32640,0.05,0.05,iid,8.0,0.0,4,2.0,True,1.5,4.0,,1.0,100000000,3600.0,9.20217749333334,29.170862678368486,51.04900968714485,12.762252421786213,58720256,469762048,33554432,4194304,14,1018,3.9765625,114688,120807,6119,5908,0,0,210,33257,1649,0,6108,11,510288768,3192672,534306,4.890445090102395,4.958354632107526,1.0533534458705358,92.05808112162876,0.6256598616726755,92.12121212121212,0.8334117080003125,28.527293261859153
scaleout_256m,main,ring_allreduce,256,8,47,8b0ca210b33a6d47,gbn,400.0,10.0,4096,128,96,4,0.5,8.0,947,32640,0.05,0.05,iid,8.0,0.0,4,2.0,True,1.5,4.0,,1.0,100000000,3600.0,75.75059712007246,28.34939564365438,49.61144237639516,12.40286059409879,469762048,3758096384,268435456,33554432,14,0,0.0,917504,6664604,5747100,334973,0,4967304,444823,1426815,71634,70692,0,58,28151287296,136974240,9370836,5.026150090838105,5.02055276963026,7.263841901506696,13.349643106849987,0.48656474767838626,92.12121212121212,18.249881040999753,12.975302497509178
scaleout_256m,main,ring_allreduce,256,8,11,8cee3805691aaf00,gbn,400.0,10.0,4096,128,96,4,0.5,8.0,947,32640,0.0,0.0,iid,8.0,0.0,4,2.0,True,1.5,4.0,,1.0,100000000,3600.0,9.828869119998876,218.48735818757606,382.3528768282581,95.58821920706453,469762048,3758096384,268435456,33554432,14,0,0.0,917504,917504,0,0,0,0,0,229600,0,0,0,0,3875536896,22041600,1370208,0.0,0.0,1.0,96.96969696969697,0.5687366832386364,96.96969696969697,0.026129500000024564,100.0
scaleout_1g,main,ring_allreduce,1024,8,47,8eaf4380fce64fb6,gbn,400.0,10.0,4096,128,96,4,0.5,8.0,947,32640,0.05,0.05,iid,8.0,0.0,4,2.0,True,1.5,4.0,,1.0,100000000,3600.0,289.97277952120555,29.623244658286357,51.840678152001125,12.960169538000283,1879048192,15032385536,1073741824,134217728,14,0,0.0,3670016,26713196,23043180,1337746,0,19902601,1802833,5737470,287132,282887,0,51,112836539904,550797120,37572714,5.007809623378647,5.004505470181107,7.278768266950335,13.322267369053833,0.4881371942711215,92.12121212121212,81.83793141700062,13.413464499742144
wan_large_bulk,wan_window,bulk,1024,1,29,8ec5f621f36cd256,uet,400.0,1000.0,4096,128,96,4,0.5,8.0,32640,32640,0.05,0.05,iid,8.0,0.0,4,2.0,True,1.5,4.0,,1.0,100000000,3600.0,44.73459925333354,192.01992943660704,192.01992943660704,48.00498235915176,1073741824,1073741824,1073741824,1073741824,1,32606,127.3671875,262144,367310,105166,18356,0,0,86810,158476,7709,0,105150,16,1551517440,15213696,1730562,4.997413628814898,4.864458971705495,1.4011764526367188,69.20591392127696,0.9805688036610146,92.12121212121212,9.764005791999807,
wan_32m,main,ring_allreduce,32,8,47,8f30935507fe2a16,uet,400.0,1000.0,4096,128,96,4,0.5,8.0,32640,32640,0.05,0.05,iid,8.0,0.0,4,2.0,True,1.5,4.0,,1.0,100000000,3600.0,82.55217749333333,3.2517065467071182,5.690486456737457,1.4226216141843642,58720256,469762048,33554432,4194304,14,1018,3.9765625,114688,120807,6119,5908,0,0,211,33258,1649,0,6108,11,510288768,3192768,534477,4.890445090102395,4.95820554453064,1.0533534458705358,92.05808112162876,0.6256786745500148,92.12121212121212,0.8213900000000649,18.443041264695328
scaleout_1g,main,ring_allreduce,1024,8,71,8f72456ac1fef165,uet,400.0,10.0,4096,128,96,4,0.5,8.0,947,32640,0.05,0.05,iid,8.0,0.0,4,2.0,True,1.5,4.0,,1.0,100000000,3600.0,41.45984586665868,207.18684337675947,362.57697590932906,90.64424397733227,1879048192,15032385536,1073741824,134217728,14,835,3.26171875,3670016,3865694,195678,192667,0,0,3008,991681,49410,0,195672,7,16328691456,95201376,17142189,4.984020980450082,4.982448993174216,1.0533180236816406,92.06117695656702,0.5830312628328715,92.12121212121212,30.758971125000244,93.84838517039147
bulk_loss_sweep,loss_sweep,bulk,32,1,71,9044b510ab2b6153,uet,400.0,10.0,4096,128,96,4,0.5,8.0,947,32640,0.05,0.05,iid,8.0,0.0,4,2.0,True,1.5,4.0,,1.0,100000000,3600.0,0.7510367999999118,357.4198441408351,357.4198441408351,89.35496103520877,33554432,33554432,33554432,33554432,1,508,1.984375,8192,8621,429,425,0,0,4,2218,99,0,429,0,36415104,212928,38109,4.92982252638905,4.4634806131650135,1.0523681640625,92.14427068504321,0.5847244044668938,92.12121212121212,0.058289750000767526,93.61220115978367
bulk_loss_sweep,loss_sweep,bulk,32,1,29,905664341221a517,uet,400.0,10.0,4096,128,96,4,0.5,8.0,947,32640,0.001,0.001,iid,8.0,0.0,4,2.0,True,1.5,4.0,,1.0,100000000,3600.0,0.7030620799999195,381.80903740396684,381.80903740396684,95.45225935099171,33554432,33554432,33554432,33554432,1,173,0.67578125,8192,8195,3,3,0,0,0,2051,2,0,3,0,34615680,196896,36512,0.036607687614399025,0.09751340809361288,1.0003662109375,96.93419860594967,0.5688058128570637,96.87272727272727,0.05431358399982855,100.0
bulk_loss_sweep,loss_sweep,bulk,32,1,101,9073dec60a7d5ced,gbn,400.0,10.0,4096,128,96,4,0.5,8.0,947,32640,0.001,0.001,iid,8.0,0.0,4,2.0,True,1.5,4.0,,1.0,100000000,3600.0,0.8237132799998927,325.88457964406615,325.88457964406615,81.47114491101654,33554432,33554432,33554432,33554432,1,0,0.0,8192,9632,1440,8,0,719,713,3316,2,12,0,0,40685568,318336,16209,0.08305647840531562,0.06031363088057901,1.17578125,82.47256619349642,0.7824297795228028,96.87272727272727,0.03307500000028085,85.23136594325771
bulk_mtu,mtu,bulk,32,1,71,94a20781d9df314b,uet,400.0,10.0,4096,128,96,4,0.5,8.0,947,32640,0.05,0.05,iid,8.0,0.0,4,2.0,True,1.5,4.0,,1.0,100000000,3600.0,0.7510367999999118,357.4198441408351,357.4198441408351,89.35496103520877,33554432,33554432,33554432,33554432,1,508,1.984375,8192,8621,429,425,0,0,4,2218,99,0,429,0,36415104,212928,38109,4.92982252638905,4.4634806131650135,1.0523681640625,92.14427068504321,0.5847244044668938,92.12121212121212,0.05856091599980573,
bulk_loss_sweep,loss_sweep,bulk,32,1,11,9548e398cb7f1c1e,gbn,400.0,10.0,4096,128,96,4,0.5,8.0,947,32640,0.05,0.05,iid,8.0,0.0,4,2.0,True,1.5,4.0,,1.0,100000000,3600.0,5.101422080003523,52.619730692782554,52.619730692782554,13.154932673195638,33554432,33554432,33554432,33554432,1,0,0.0,8192,59857,51665,2973,0,44571,4121,12821,635,628,0,0,252835968,1230816,84213,4.966837629684081,4.95281179315186,7.3067626953125,13.271225714214838,0.48680415596565757,92.12121212121212,0.18282862500018382,13.7620857280532
wan_32m,main,ring_allreduce,32,8,11,9565dd7fc4f38cde,gbn,400.0,1000.0,4096,128,96,4,0.5,8.0,32640,32640,0.0,0.0,iid,8.0,0.0,4,2.0,True,1.5,4.0,,1.0,100000000,3600.0,15.211132159999995,17.64730285533198,30.882779996830962,7.7206949992077405,58720256,469762048,33554432,4194304,14,0,0.0,114688,114688,0,0,0,0,0,28672,0,0,0,0,484442112,2752512,172032,0.0,0.0,1.0,96.96969696969697,0.5681818181818182,96.96969696969697,0.004378584000733099,100.0
scaleout_32m,main,ring_allreduce,32,8,47,965dc656bc2b0bee,gbn,400.0,10.0,4096,128,96,4,0.5,8.0,947,32640,0.05,0.05,iid,8.0,0.0,4,2.0,True,1.5,4.0,,1.0,100000000,3600.0,10.55284735999899,25.43725374229479,44.51519404901588,11.12879851225397,58720256,469762048,33554432,4194304,14,0,0.0,114688,782923,668235,39272,0,579423,49540,170695,8518,8402,0,41,3307066752,16386720,1114058,5.016074377684651,4.990187175957116,6.826546805245536,14.204794859852893,0.4955061759817783,92.12121212121212,1.9897838750002848,12.803484347945036
bulk_loss_sweep,loss_sweep,bulk,32,1,47,96638caf4282a733,gbn,400.0,10.0,4096,128,96,4,0.5,8.0,947,32640,0.001,0.001,iid,8.0,0.0,4,2.0,True,1.5,4.0,,1.0,100000000,3600.0,0.8439884799998882,318.055829387666,318.055829387666,79.5139573469165,33554432,33554432,33554432,33554432,1,0,0.0,8192,9872,1680,9,0,839,832,3531,3,14,0,0,41699328,338976,16700,0.09116693679092383,0.08496176720475786,1.205078125,80.46756053239035,0.8129051863857374,96.87272727272727,0.03421254200020485,83.18384630084199
bulk_loss_sweep,loss_sweep,bulk,32,1,101,984f09e1c40ab781,uet,400.0,10.0,4096,128,96,4,0.5,8.0,947,32640,0.01,0.01,iid,8.0,0.0,4,2.0,True,1.5,4.0,,1.0,100000000,3600.0,0.7245762133332513,370.47235481982295,370.47235481982295,92.61808870495574,33554432,33554432,33554432,33554432,1,342,1.3359375,8192,8287,95,95,0,0,0,2086,22,0,95,0,35004288,200256,37030,1.1463738385422952,1.0546500479386385,1.0115966796875,95.85806173232262,0.5720899108132124,96.0,0.05670091699994373,97.03079773563628
bulk_loss_sweep,loss_sweep,bulk,32,1,29,999c95941524b476,uet,400.0,10.0,4096,128,96,4,0.5,8.0,947,32640,0.1,0.1,iid,8.0,0.0,4,2.0,True,1.5,4.0,,1.0,100000000,3600.0,0.8109801599999019,331.0012614858944,331.0012614858944,82.7503153714736,33554432,33554432,33554432,33554432,1,467,1.82421875,8192,9181,989,945,0,0,44,2435,229,0,989,0,38780544,233760,40151,10.292996405620302,9.404517453798768,1.1207275390625,86.52388166602304,0.6027764850333198,87.27272727272727,0.06331758399937826,86.69288284438483
bulk_mtu,mtu,bulk,32,1,11,9afdc57c8b01ee45,uet,400.0,10.0,4096,128,96,4,0.5,8.0,947,32640,0.05,0.05,iid,8.0,0.0,4,2.0,True,1.5,4.0,,1.0,100000000,3600.0,0.7531212799999117,356.430581804874,356.430581804874,89.1076454512185,33554432,33554432,33554432,33554432,1,485,1.89453125,8192,8645,453,447,0,0,6,2212,108,0,453,0,36516480,212352,38182,5.170618854829381,4.882459312839059,1.0552978515625,91.8884624147782,0.5815237394184762,92.12121212121212,0.05814962500062393,
bulk_loss_sweep,loss_sweep,bulk,32,1,71,9daa6b67d79b74fc,gbn,400.0,10.0,4096,128,96,4,0.5,8.0,947,32640,0.001,0.001,iid,8.0,0.0,4,2.0,True,1.5,4.0,,1.0,100000000,3600.0,0.8237132799998927,325.88457964406615,325.88457964406615,81.47114491101654,33554432,33554432,33554432,33554432,1,0,0.0,8192,9632,1440,9,0,720,711,3315,2,12,0,0,40685568,318240,16081,0.09343853820598007,0.06033182503770739,1.17578125,82.47256619349642,0.7821938236182422,96.87272727272727,0.03216370799964352,85.23136594325771
bulk_window,window,bulk,128,1,47,a02fbb0b279a1a41,uet,400.0,10.0,4096,128,96,4,0.5,8.0,947,32640,0.05,0.05,iid,8.0,0.0,4,2.0,True,1.5,4.0,,1.0,100000000,3600.0,2.973180799999429,361.1424586087083,361.1424586087083,90.28561465217707,134217728,134217728,134217728,134217728,1,488,1.90625,32768,34584,1816,1778,0,0,38,8872,476,0,1816,0,146082816,851712,153426,5.141105713624798,5.365193868349865,1.055419921875,91.8778345565299,0.5830336676970959,92.12121212121212,0.27286020800056576,
fault_rto,recovery,bulk,32,1,47,a07a3db36f7dc3be,uet,400.0,10.0,4096,128,96,4,0.5,8.0,947,32640,0.05,0.05,iid,8.0,0.0,4,2.0,False,1.5,4.0,,1.0,100000000,3600.0,1.271809493333288,211.06577471477823,211.06577471477823,52.76644367869455,33554432,33554432,33554432,33554432,1,946,3.6953125,8192,8749,557,442,0,0,115,2396,138,0,0,558,36955776,230016,30773,5.052005943536404,5.759599332220367,1.0679931640625,90.79617757180907,0.6224087947713505,92.12121212121212,0.049783041999944544,
scaleout_32m,main,ring_allreduce,32,8,11,a46e9e58e31dff7d,uet,400.0,10.0,4096,128,96,4,0.5,8.0,947,32640,0.0,0.0,iid,8.0,0.0,4,2.0,True,1.5,4.0,,1.0,100000000,3600.0,1.3651321600000013,196.63697322902402,344.114703150792,86.028675787698,58720256,469762048,33554432,4194304,14,12,0.046875,114688,114688,0,0,0,0,0,28784,0,0,0,0,484442112,2763264,476112,0.0,0.0,1.0,96.96969696969697,0.5704012784090909,96.96969696969697,0.007427333000123326,100.0
wan_fixed_window,wan_window,bulk,128,1,101,a64478da6da00f39,uet,400.0,1000.0,4096,128,96,4,0.5,8.0,8192,32640,0.05,0.05,iid,8.0,0.0,4,2.0,True,1.5,4.0,,1.0,100000000,3600.0,18.206589226669813,58.975451724210686,58.975451724210686,14.74386293105267,134217728,134217728,134217728,134217728,1,8162,31.8828125,32768,34639,1871,1783,0,0,88,9575,522,0,1871,0,146315136,919200,163675,5.147377233753861,5.4516971279373365,1.057098388671875,91.73195041147349,0.6282330216335239,92.12121212121212,0.37254845799998293,
burst_fast,recovery,bulk,32,1,11,a7f17740a273fec5,uet,400.0,10.0,4096,128,96,4,0.5,8.0,947,32640,0.05,0.05,burst,8.0,0.0,4,2.0,True,1.5,4.0,,1.0,100000000,3600.0,0.7415475199999143,361.9935995471079,361.9935995471079,90.49839988677698,33554432,33554432,33554432,33554432,1,340,1.328125,8192,8612,420,418,0,0,2,2215,108,0,420,0,36377088,212640,37899,4.8536925220622384,4.8758465011286685,1.05126953125,92.24056636968852,0.5845437655702402,92.12121212121212,0.05677229199955036,
no_spraying,controls,bulk,128,1,101,a8cde6319e1dd7af,uet,400.0,10.0,4096,128,96,4,0.5,8.0,947,32640,0.05,0.05,iid,8.0,0.0,1,0.0,True,1.5,4.0,,1.0,100000000,3600.0,2.9450531199994283,364.59166617687646,364.59166617687646,91.14791654421911,134217728,134217728,134217728,134217728,1,507,1.98046875,32768,34576,1808,1780,0,0,28,8869,492,0,1808,0,146049024,851424,153141,5.14807959278112,5.547412335099786,1.05517578125,91.89909273204044,0.5829713726809979,92.12121212121212,0.2450474999996004,
control_reliable,controls,bulk,128,1,29,a9344d512aaf47da,uet,400.0,10.0,4096,128,96,4,0.5,8.0,947,32640,0.05,0.0,iid,8.0,0.0,4,2.0,True,1.5,4.0,,1.0,100000000,3600.0,2.930855893332765,366.35776820095225,366.35776820095225,91.58944205023806,134217728,134217728,134217728,134217728,1,503,1.96484375,32768,34431,1663,1663,0,0,0,8811,0,0,1663,0,145436544,845856,153091,4.8299497545816275,0.0,1.050750732421875,92.28610932889055,0.5815979785658273,92.12121212121212,0.30923758300014015,
bulk_loss_sweep,loss_sweep,bulk,32,1,11,a936adb43aabfafb,uet,400.0,10.0,4096,128,96,4,0.5,8.0,947,32640,0.1,0.1,iid,8.0,0.0,4,2.0,True,1.5,4.0,,1.0,100000000,3600.0,0.7941969066665691,337.9960986333813,337.9960986333813,84.49902465834532,33554432,33554432,33554432,33554432,1,466,1.8203125,8192,9127,935,905,0,0,30,2405,236,0,935,0,38552448,230880,39775,9.915634929330558,9.812889812889813,1.1141357421875,87.03580120255917,0.5988724762692113,87.27272727272727,0.059974624999995285,88.52490787842981
bulk_loss_sweep,loss_sweep,bulk,32,1,11,a9f1ef13f2a37d38,uet,400.0,10.0,4096,128,96,4,0.5,8.0,947,32640,0.05,0.05,iid,8.0,0.0,4,2.0,True,1.5,4.0,,1.0,100000000,3600.0,0.7531212799999117,356.430581804874,356.430581804874,89.1076454512185,33554432,33554432,33554432,33554432,1,485,1.89453125,8192,8645,453,447,0,0,6,2212,108,0,453,0,36516480,212352,38182,5.170618854829381,4.882459312839059,1.0552978515625,91.8884624147782,0.5815237394184762,92.12121212121212,0.05785424999976385,93.35310243789709
bulk_loss_sweep,loss_sweep,bulk,32,1,29,aaa4617e2221f29a,gbn,400.0,10.0,4096,128,96,4,0.5,8.0,947,32640,0.1,0.1,iid,8.0,0.0,4,2.0,True,1.5,4.0,,1.0,100000000,3600.0,10.043530240028932,26.72720145055557,26.72720145055557,6.681800362638893,33554432,33554432,33554432,33554432,1,0,0.0,8192,117026,108834,11772,0,93467,3595,13080,1320,1308,0,3,494317824,1255680,140670,10.059303060858271,10.091743119266056,14.285400390625,6.788027938883304,0.25402280456712806,87.27272727272727,0.27601741699982085,6.9901923250235285
bulk_loss_sweep,loss_sweep,bulk,32,1,71,ac4c4780ffcdc810,uet,400.0,10.0,4096,128,96,4,0.5,8.0,947,32640,0.1,0.1,iid,8.0,0.0,4,2.0,True,1.5,4.0,,1.0,100000000,3600.0,0.8067469866665696,332.73809563164195,332.73809563164195,83.18452390791049,33554432,33554432,33554432,33554432,1,778,3.0390625,8192,9127,935,904,0,0,31,2415,245,0,935,0,38552448,231840,39927,9.904678426646214,10.144927536231885,1.1141357421875,87.03580120255917,0.6013625905156529,87.27272727272727,0.060931624999284395,87.1477788723984
no_spraying,controls,bulk,128,1,29,aceb87ac40166c6f,uet,400.0,10.0,4096,128,96,4,0.5,8.0,947,32640,0.05,0.05,iid,8.0,0.0,1,0.0,True,1.5,4.0,,1.0,100000000,3600.0,2.9355068799994304,365.7773147512461,365.7773147512461,91.44432868781152,134217728,134217728,134217728,134217728,1,503,1.96484375,32768,34468,1700,1665,0,0,35,8841,442,0,1700,0,145592832,848736,152848,4.830567482882674,4.999434453116163,1.0518798828125,92.18704393359145,0.5829517760874382,92.12121212121212,0.25943041699974856,
scaleout_256m,main,ring_allreduce,256,8,29,aeef981436d5e96c,uet,400.0,10.0,4096,128,96,4,0.5,8.0,947,32640,0.05,0.05,iid,8.0,0.0,4,2.0,True,1.5,4.0,,1.0,100000000,3600.0,10.944899413332102,196.2086234784512,343.3650910872896,85.8412727718224,469762048,3758096384,268435456,33554432,14,855,3.33984375,917504,966497,48993,48170,0,0,822,248343,12290,0,48985,9,4082483328,23840928,4276549,4.9839782223845495,4.948800650712926,1.0533981323242188,92.05417590378951,0.5839810253843614,92.12121212121212,6.52192712499982,89.93110624670675
wan_fixed_window,wan_window,bulk,128,1,71,af09858cc217b197,uet,400.0,1000.0,4096,128,96,4,0.5,8.0,32640,32640,0.05,0.05,iid,8.0,0.0,4,2.0,True,1.5,4.0,,1.0,100000000,3600.0,8.388773226666432,127.99747889080658,127.99747889080658,31.999369722701644,134217728,134217728,134217728,134217728,1,31775,124.12109375,32768,45499,12731,2232,0,0,10498,19656,930,0,12731,0,192187776,1886976,219401,4.9056023209301305,4.7313797313797314,1.388519287109375,69.83676630921626,0.9818397607140217,92.12121212121212,0.5742655000003651,
bulk_loss_sweep,loss_sweep,bulk,32,1,11,af20b62386a1616b,gbn,400.0,10.0,4096,128,96,4,0.5,8.0,947,32640,0.001,0.001,iid,8.0,0.0,4,2.0,True,1.5,4.0,,1.0,100000000,3600.0,0.8848767999998792,303.3591297681628,303.3591297681628,75.8397824420407,33554432,33554432,33554432,33554432,1,0,0.0,8192,10356,2164,12,0,1115,1037,3922,3,20,0,0,43743744,376512,18141,0.11587485515643106,0.0764915859255482,1.26416015625,76.70681320739259,0.860721935461217,96.87272727272727,0.036884207999719365,79.34009344577859
bulk_loss_sweep,loss_sweep,bulk,32,1,29,afbc982d2980d0a6,gbn,400.0,10.0,4096,128,96,4,0.5,8.0,947,32640,0.05,0.05,iid,8.0,0.0,4,2.0,True,1.5,4.0,,1.0,100000000,3600.0,4.950510080003043,54.223797479841714,54.223797479841714,13.55594936996043,33554432,33554432,33554432,33554432,1,0,0.0,8192,58394,50202,2867,0,43061,4274,12979,637,617,0,0,246656256,1245984,82969,4.909751001815255,4.907928191694276,7.128173828125,13.60372225872106,0.5051499687078685,92.12121212121212,0.1800405829999363,14.181610958349733
control_reliable,controls,bulk,128,1,47,b174d89f37d0744d,uet,400.0,10.0,4096,128,96,4,0.5,8.0,947,32640,0.05,0.0,iid,8.0,0.0,4,2.0,True,1.5,4.0,,1.0,100000000,3600.0,2.9472828799994315,364.3158352007959,364.3158352007959,91.07895880019898,134217728,134217728,134217728,134217728,1,490,1.9140625,32768,34544,1776,1776,0,0,0,8844,0,0,1776,0,145913856,849024,153575,5.141269106067624,0.0,1.05419921875,91.98422389714655,0.5818666049096805,92.12121212121212,0.278570624999702,
bulk_loss_sweep,loss_sweep,bulk,32,1,11,b43a3d88d93db1a6,gbn,400.0,10.0,4096,128,96,4,0.5,8.0,947,32640,0.01,0.01,iid,8.0,0.0,4,2.0,True,1.5,4.0,,1.0,100000000,3600.0,1.802329599999677,148.9380499549295,148.9380499549295,37.23451248873238,33554432,33554432,33554432,33554432,1,0,0.0,8192,21216,13024,225,0,9164,3635,10106,115,143,0,0,89616384,970176,41157,1.0605203619909502,1.1379378586978033,2.58984375,37.442296265825675,1.082587755381873,96.0,0.0782622500000798,38.95303500536447
bulk_mtu,mtu,bulk,32,1,71,b456fd243efee68a,uet,400.0,10.0,2048,128,96,4,0.5,8.0,1839,32640,0.05,0.05,iid,8.0,0.0,4,2.0,True,1.5,4.0,,1.0,100000000,3600.0,0.77315328000018,347.19565051827436,347.19565051827436,86.79891262956859,33554432,33554432,33554432,33554432,1,1277,2.494140625,16384,17252,868,841,0,0,27,4425,200,0,869,0,37540352,424800,76261,4.874797124971018,4.519774011299435,1.052978515625,89.38230520587554,1.1315823570327737,89.41176470588235,0.12141850000080012,
bulk_loss_sweep,loss_sweep,bulk,32,1,11,b5f80c6f82f05617,uet,400.0,10.0,4096,128,96,4,0.5,8.0,947,32640,0.01,0.01,iid,8.0,0.0,4,2.0,True,1.5,4.0,,1.0,100000000,3600.0,0.7108342399999178,377.63439195054957,377.63439195054957,94.40859798763739,33554432,33554432,33554432,33554432,1,341,1.33203125,8192,8287,95,95,0,0,0,2081,23,0,95,0,35004288,199776,36801,1.1463738385422952,1.1052378664103797,1.0115966796875,95.85806173232262,0.5707186502407934,96.0,0.05508983400068246,98.90661429027404
scaleout_256m,main,ring_allreduce,256,8,11,b6a77cfe30e8cd22,gbn,400.0,10.0,4096,128,96,4,0.5,8.0,947,32640,0.05,0.05,iid,8.0,0.0,4,2.0,True,1.5,4.0,,1.0,100000000,3600.0,75.85324032007189,28.31103376650007,49.544309091375126,12.386077272843782,469762048,3758096384,268435456,33554432,14,0,0.0,917504,6671783,5754279,333560,0,4975197,445522,1427908,71508,70815,0,44,28181611392,137079168,9379142,4.999563085310179,5.00788566210148,7.271666390555246,13.335278567735918,0.48641352012579764,92.12121212121212,18.151574499999697,12.957744558472095
scaleout_256m,main,ring_allreduce,256,8,101,b7b795d2e847e693,gbn,400.0,10.0,4096,128,96,4,0.5,8.0,947,32640,0.05,0.05,iid,8.0,0.0,4,2.0,True,1.5,4.0,,1.0,100000000,3600.0,74.82409472006648,28.70042940090638,50.22575145158616,12.55643786289654,469762048,3758096384,268435456,33554432,14,0,0.0,917504,6632195,5714691,331258,0,4937084,446349,1428401,71644,70291,0,47,28014391680,137126496,9340834,4.9946963260278086,5.015678370429592,7.228518894740513,13.414877706171916,0.48948589555809335,92.12121212121212,18.285496082999998,13.135967974982995
wan_fixed_window,wan_window,bulk,128,1,11,b8b5fe45bd7cf3e4,uet,400.0,1000.0,4096,128,96,4,0.5,8.0,32640,32640,0.05,0.05,iid,8.0,0.0,4,2.0,True,1.5,4.0,,1.0,100000000,3600.0,6.789780373332792,158.14087716550827,158.14087716550827,39.53521929137707,134217728,134217728,134217728,134217728,1,31433,122.78515625,32768,45527,12759,2206,0,0,10553,19677,983,0,12759,0,192306048,1888992,206875,4.845476310760647,4.995680235808304,1.389373779296875,69.79381532503855,0.9822842389231565,92.12121212121212,0.5662010830001236,
scaleout_1g,main,ring_allreduce,1024,8,29,b91f2d3907676a8b,gbn,400.0,10.0,4096,128,96,4,0.5,8.0,947,32640,0.05,0.05,iid,8.0,0.0,4,2.0,True,1.5,4.0,,1.0,100000000,3600.0,289.4390272012028,29.67787265961452,51.93627715432541,12.98406928858135,1879048192,15032385536,1073741824,134217728,14,0,0.0,3670016,26641608,22971592,1330212,0,19840453,1800927,5734490,286546,281785,0,66,112534152192,550511040,37494953,4.992986909799138,4.996887255885005,7.2592620849609375,13.3580653012363,0.48919463938444774,92.12121212121212,81.64034583300054,13.438200168132274
bulk_mtu,mtu,bulk,32,1,11,bd4dd35c085b5cf3,uet,400.0,10.0,2048,128,96,4,0.5,8.0,1839,32640,0.05,0.05,iid,8.0,0.0,4,2.0,True,1.5,4.0,,1.0,100000000,3600.0,0.7993393066668456,335.8216639180994,335.8216639180994,83.95541597952484,33554432,33554432,33554432,33554432,1,949,1.853515625,16384,17262,878,847,0,0,31,4445,215,0,879,0,37562112,426720,76712,4.906731549067316,4.83689538807649,1.0535888671875,89.33052539750693,1.1360383569486188,89.41176470588235,0.12306220800019219,
fault_rto,recovery,bulk,32,1,29,be3378e1d8c35f83,uet,400.0,10.0,4096,128,96,4,0.5,8.0,947,32640,0.05,0.05,iid,8.0,0.0,4,2.0,False,1.5,4.0,,1.0,100000000,3600.0,1.0529158399999348,254.9448358569823,254.9448358569823,63.73620896424558,33554432,33554432,33554432,33554432,1,945,3.69140625,8192,8722,530,448,0,0,82,2353,108,0,0,530,36841728,225888,30559,5.136436597110754,4.589885252868679,1.064697265625,91.07724805959155,0.6131308498884743,92.12121212121212,0.04942379099975369,
bulk_window,window,bulk,128,1,71,be99ff1a3ce0ee48,uet,400.0,10.0,4096,128,96,4,0.5,1.0,119,32640,0.05,0.05,iid,8.0,0.0,4,2.0,True,1.5,4.0,,1.0,100000000,3600.0,7.4092122133346,144.91983669566812,144.91983669566812,36.22995917391703,134217728,134217728,134217728,134217728,1,118,0.4609375,32768,34521,1753,1714,0,0,39,9901,466,0,1739,14,145816704,950496,162965,4.965093711074418,4.706595293404707,1.053497314453125,92.04550940885346,0.6518430151870667,92.12121212121212,0.2734717909997926,
wan_fixed_window,wan_window,bulk,128,1,101,bf1f7568775fbf92,uet,400.0,1000.0,4096,128,96,4,0.5,8.0,512,32640,0.05,0.05,iid,8.0,0.0,4,2.0,True,1.5,4.0,,1.0,100000000,3600.0,205.95408703998427,5.213500928444998,5.213500928444998,1.3033752321112495,134217728,134217728,134217728,134217728,1,511,1.99609375,32768,34620,1852,1783,0,0,69,9735,530,0,1841,11,146234880,934560,163724,5.150202195262854,5.44427324088341,1.0565185546875,91.78229434728568,0.6390814558058926,92.12121212121212,0.2891536669994821,
wan_32m,main,ring_allreduce,32,8,71,bf6f7ce7ea8a361e,uet,400.0,1000.0,4096,128,96,4,0.5,8.0,32640,32640,0.05,0.05,iid,8.0,0.0,4,2.0,True,1.5,4.0,,1.0,100000000,3600.0,82.06602303999999,3.270969471362847,5.724196574884982,1.4310491437212456,58720256,469762048,33554432,4194304,14,1018,3.9765625,114688,121075,6387,6145,0,0,242,33467,1668,0,6380,7,511420800,3212832,533983,5.075366508362585,4.984014103445185,1.0556902204241072,91.85431018840063,0.6282169203911926,92.12121212121212,0.8624108750000232,18.552296792277943
metro_32m,main,ring_allreduce,32,8,101,c11e42004976b4b6,uet,400.0,100.0,4096,128,96,4,0.5,8.0,9470,32640,0.05,0.05,iid,8.0,0.0,4,2.0,True,1.5,4.0,,1.0,100000000,3600.0,8.411240320000005,31.913896855582873,55.849319497270024,13.962329874317506,58720256,469762048,33554432,4194304,14,1010,3.9453125,114688,120764,6076,5875,0,0,194,33221,1653,0,6069,7,510107136,3189216,528247,4.864860388857607,4.975768339303452,1.052978515625,92.09085990908389,0.6252051333780988,92.12121212121212,0.8247361670000828,31.209810445648994
metro_32m,main,ring_allreduce,32,8,11,c1872e2399eaf5db,gbn,400.0,100.0,4096,128,96,4,0.5,8.0,9470,32640,0.05,0.05,iid,8.0,0.0,4,2.0,True,1.5,4.0,,1.0,100000000,3600.0,112.55240960000302,2.3849818671495844,4.173718267511773,1.0434295668779432,58720256,469762048,33554432,4194304,14,0,0.0,114688,3142951,3028263,157604,0,2870617,42,118955,6007,5974,0,372,13275825024,11419680,3478188,5.014522975382054,5.04980875120844,27.40435791015625,3.5384772483123683,0.08601860885749499,92.12121212121212,6.526283416000297,2.319925596688364
bulk_window,window,bulk,128,1,29,c1e90388d012ee42,uet,400.0,10.0,4096,128,96,4,0.5,1.0,119,32640,0.05,0.05,iid,8.0,0.0,4,2.0,True,1.5,4.0,,1.0,100000000,3600.0,7.347426026667808,146.13850076241755,146.13850076241755,36.53462519060439,134217728,134217728,134217728,134217728,1,118,0.4609375,32768,34466,1698,1665,0,0,33,9893,495,0,1687,11,145584384,949728,162838,4.830847792026925,5.003537855049024,1.05181884765625,92.19239338197151,0.6523556812247115,92.12121212121212,0.27931537499989645,
wan_fixed_window,wan_window,bulk,128,1,71,c25f793bb3742f5c,uet,400.0,1000.0,4096,128,96,4,0.5,8.0,8192,32640,0.05,0.05,iid,8.0,0.0,4,2.0,True,1.5,4.0,,1.0,100000000,3600.0,20.03713194667006,53.58760060361052,53.58760060361052,13.39690015090263,134217728,134217728,134217728,134217728,1,8178,31.9453125,32768,34552,1784,1718,0,0,66,9503,441,0,1784,0,145947648,912288,163688,4.97221579069229,4.640639797958539,1.054443359375,91.96292632273183,0.625078932412806,92.12121212121212,0.3810780829999203,
bulk_loss_sweep,loss_sweep,bulk,32,1,29,c345af100f0f8249,uet,400.0,10.0,4096,128,96,4,0.5,8.0,947,32640,0.05,0.05,iid,8.0,0.0,4,2.0,True,1.5,4.0,,1.0,100000000,3600.0,0.7693039999999115,348.9328743903982,348.9328743903982,87.23321859759955,33554432,33554432,33554432,33554432,1,497,1.94140625,8192,8644,452,445,0,0,7,2215,100,0,452,0,36512256,212640,38383,5.14807959278112,4.514672686230249,1.05517578125,91.89909273204044,0.5823797905010306,92.12121212121212,0.058099625000068045,91.38937013196349
burst_fast,recovery,bulk,32,1,101,c353486d81a57fe4,uet,400.0,10.0,4096,128,96,4,0.5,8.0,947,32640,0.05,0.05,burst,8.0,0.0,4,2.0,True,1.5,4.0,,1.0,100000000,3600.0,0.7419699199999142,361.7875182864974,361.7875182864974,90.44687957162435,33554432,33554432,33554432,33554432,1,342,1.3359375,8192,8583,391,389,0,0,2,2212,122,0,391,0,36254592,212352,37834,4.532214843294885,5.5153707052441225,1.0477294921875,92.55222621178581,0.585724423543368,92.12121212121212,0.06102649999957066,
scaleout_1g,main,ring_allreduce,1024,8,47,c491da98e07fcfb1,uet,400.0,10.0,4096,128,96,4,0.5,8.0,947,32640,0.05,0.05,iid,8.0,0.0,4,2.0,True,1.5,4.0,,1.0,100000000,3600.0,41.44919071999202,207.24010391490833,362.6701818510896,90.6675454627724,1879048192,15032385536,1073741824,134217728,14,831,3.24609375,3670016,3867013,196997,193940,0,0,3057,992111,49887,0,196993,4,16334262912,95242656,17145247,5.0152404452739106,5.028368801474835,1.0536774226597376,92.02977579696251,0.5830851169294562,92.12121212121212,30.784818666999854,93.87251032919553
fault_fast,recovery,bulk,32,1,101,c8f623705153ec21,uet,400.0,10.0,4096,128,96,4,0.5,8.0,947,32640,0.05,0.05,iid,8.0,0.0,4,2.0,True,1.5,4.0,,1.0,100000000,3600.0,0.7565941333332442,354.79452479678,354.79452479678,88.698631199195,33554432,33554432,33554432,33554432,1,496,1.9375,8192,8667,475,465,0,0,10,2234,122,0,475,0,36609408,214464,38268,5.365178262374524,5.461056401074306,1.0579833984375,91.65521605812364,0.5858166294303366,92.12121212121212,0.056136666999918816,
trim_fast,recovery,bulk,32,1,29,cb63cafd09d5d1bf,uet,400.0,10.0,4096,128,96,4,0.5,8.0,947,32640,0.0,0.05,iid,8.0,0.05,4,2.0,True,1.5,4.0,,1.0,100000000,3600.0,0.7649863466665779,350.90228364166944,350.90228364166944,87.72557091041736,33554432,33554432,33554432,33554432,1,294,1.1484375,8192,8646,454,0,448,0,6,2506,111,448,454,0,36520704,240576,39230,0.0,4.429369513168396,1.055419921875,91.8778345565299,0.6587386705360335,92.12121212121212,0.06020933400031936,
wan_32m,main,ring_allreduce,32,8,29,cebfee1d29272d19,uet,400.0,1000.0,4096,128,96,4,0.5,8.0,32640,32640,0.05,0.05,iid,8.0,0.0,4,2.0,True,1.5,4.0,,1.0,100000000,3600.0,76.50247573333334,3.50884665400493,6.140481644508627,1.5351204111271568,58720256,469762048,33554432,4194304,14,1016,3.96875,114688,120803,6115,5911,0,0,204,33261,1646,0,6109,6,510271872,3193056,525599,4.893090403384022,4.948738763115962,1.0533185686383928,92.06112932676015,0.6257558323732177,92.12121212121212,0.8319892910003546,19.90148947998838
trim_fast,recovery,bulk,32,1,11,cf36cda1a7af7a12,uet,400.0,10.0,4096,128,96,4,0.5,8.0,947,32640,0.0,0.05,iid,8.0,0.05,4,2.0,True,1.5,4.0,,1.0,100000000,3600.0,0.7570085333332458,354.6003039332067,354.6003039332067,88.65007598330168,33554432,33554432,33554432,33554432,1,290,1.1328125,8192,8615,423,0,413,0,10,2489,119,413,423,0,36389760,238944,38991,0.0,4.781036560867818,1.0516357421875,92.20844545278672,0.656624281116446,92.12121212121212,0.057520542000020214,
bulk_loss_sweep,loss_sweep,bulk,32,1,47,cf7c29a5ce63fa61,gbn,400.0,10.0,4096,128,96,4,0.5,8.0,947,32640,0.1,0.1,iid,8.0,0.0,4,2.0,True,1.5,4.0,,1.0,100000000,3600.0,9.883187200027926,27.160818728521253,27.160818728521253,6.790204682130313,33554432,33554432,33554432,33554432,1,0,0.0,8192,114704,106512,11618,0,91130,3764,13253,1395,1302,0,7,484509696,1272288,138448,10.128679034732878,10.525918659926054,14.001953125,6.925440765585835,0.26259288730519026,87.27272727272727,0.26857345799999166,7.1035999398851395
wan_32m,main,ring_allreduce,32,8,29,cfa6de8d0d9b84a2,gbn,400.0,1000.0,4096,128,96,4,0.5,8.0,32640,32640,0.05,0.05,iid,8.0,0.0,4,2.0,True,1.5,4.0,,1.0,100000000,3600.0,1139.3547174399891,0.23560305837250264,0.41230535215187963,0.10307633803796992,58720256,469762048,33554432,4194304,14,0,0.0,114688,3136125,3021437,156767,0,2864636,34,118795,5893,5995,0,314,13246992000,11404320,3469869,4.998748455498426,4.960646491855718,27.344839913504465,3.5461789967111024,0.08608988365056762,92.12121212121212,6.402977042000202,1.3350655355320615
bulk_window,window,bulk,128,1,71,d0ee9bfa8cb17cc0,uet,400.0,10.0,4096,128,96,4,0.5,8.0,947,32640,0.05,0.05,iid,8.0,0.0,4,2.0,True,1.5,4.0,,1.0,100000000,3600.0,2.9406555733327626,365.13688775291877,365.13688775291877,91.28422193822969,134217728,134217728,134217728,134217728,1,665,2.59765625,32768,34515,1747,1714,0,0,33,8852,409,0,1747,0,145791360,849792,153029,4.96595683036361,4.620424762765476,1.053314208984375,92.06151036659512,0.582882277797532,92.12121212121212,0.27747270799955004,
scaleout_32m,main,ring_allreduce,32,8,11,d178b4d37a29890e,gbn,400.0,10.0,4096,128,96,4,0.5,8.0,947,32640,0.0,0.0,iid,8.0,0.0,4,2.0,True,1.5,4.0,,1.0,100000000,3600.0,1.3511321600000012,198.67446275573792,347.68030982254135,86.92007745563534,58720256,469762048,33554432,4194304,14,0,0.0,114688,114688,0,0,0,0,0,28784,0,0,0,0,484442112,2763264,165760,0.0,0.0,1.0,96.96969696969697,0.5704012784090909,96.96969696969697,0.004730458999802067,100.0
control_reliable,controls,bulk,128,1,101,d4cb335e0e062b72,uet,400.0,10.0,4096,128,96,4,0.5,8.0,947,32640,0.05,0.0,iid,8.0,0.0,4,2.0,True,1.5,4.0,,1.0,100000000,3600.0,2.9422698666660954,364.93655329334683,364.93655329334683,91.23413832333671,134217728,134217728,134217728,134217728,1,512,2.0,32768,34546,1778,1778,0,0,0,8848,0,0,1778,0,145922304,849408,153480,5.146760840618306,0.0,1.05426025390625,91.97889857879437,0.5820960721672815,92.12121212121212,0.2656642080000893,
metro_32m,main,ring_allreduce,32,8,29,d6429de2f26fa40d,gbn,400.0,100.0,4096,128,96,4,0.5,8.0,9470,32640,0.05,0.05,iid,8.0,0.0,4,2.0,True,1.5,4.0,,1.0,100000000,3600.0,115.15471744000307,2.3310851866738154,4.079399076679176,1.019849769169794,58720256,469762048,33554432,4194304,14,0,0.0,114688,3136125,3021437,156767,0,2864636,34,118795,5893,5995,0,314,13246992000,11404320,3469869,4.998748455498426,4.960646491855718,27.344839913504465,3.5461789967111024,0.08608988365056762,92.12121212121212,6.530345290999321,2.2674990812777005
bulk_loss_sweep,loss_sweep,bulk,32,1,71,d764b641ed5c1ed8,gbn,400.0,10.0,4096,128,96,4,0.5,8.0,947,32640,0.05,0.05,iid,8.0,0.0,4,2.0,True,1.5,4.0,,1.0,100000000,3600.0,4.899269120002295,54.790918691128006,54.790918691128006,13.697729672782003,33554432,33554432,33554432,33554432,1,0,0.0,8192,57080,48888,2813,0,42141,3934,12694,598,605,0,1,241105920,1218624,81250,4.928170988086896,4.7108870332440524,6.9677734375,13.91688433033913,0.5054309740714786,92.12121212121212,0.1591845420007303,14.32993499241762
fault_rto,recovery,bulk,32,1,71,d9741c528861b6ec,uet,400.0,10.0,4096,128,96,4,0.5,8.0,947,32640,0.05,0.05,iid,8.0,0.0,4,2.0,False,1.5,4.0,,1.0,100000000,3600.0,1.8605967999999293,144.27384589719287,144.27384589719287,36.06846147429822,33554432,33554432,33554432,33554432,1,946,3.6953125,8192,8790,598,439,0,0,159,2440,112,0,0,598,37128960,234240,30951,4.994311717861206,4.590163934426229,1.072998046875,90.37266866618403,0.6308822008480711,92.12121212121212,0.053961500000696105,
wan_fixed_window,wan_window,bulk,128,1,47,d9b6c1096b1828a4,uet,400.0,1000.0,4096,128,96,4,0.5,8.0,512,32640,0.05,0.05,iid,8.0,0.0,4,2.0,True,1.5,4.0,,1.0,100000000,3600.0,209.4808503466392,5.125727827738057,5.125727827738057,1.2814319569345143,134217728,134217728,134217728,134217728,1,511,1.99609375,32768,34632,1864,1781,0,0,83,9739,522,0,1853,11,146285568,934944,163936,5.142642642642643,5.359893212855529,1.056884765625,91.75049175049175,0.6391225141225141,92.12121212121212,0.29348208400006115,
bulk_loss_sweep,loss_sweep,bulk,32,1,101,da2d121113403b7e,uet,400.0,10.0,4096,128,96,4,0.5,8.0,947,32640,0.001,0.001,iid,8.0,0.0,4,2.0,True,1.5,4.0,,1.0,100000000,3600.0,0.7037379199999194,381.44236422563495,381.44236422563495,95.36059105640874,33554432,33554432,33554432,33554432,1,188,0.734375,8192,8200,8,8,0,0,0,2053,1,0,8,0,34636800,197088,36534,0.0975609756097561,0.04870920603994155,1.0009765625,96.87509238728751,0.5690133037694013,96.87272727272727,0.054698875000212865,99.90396424850888
bulk_window,window,bulk,128,1,47,dce922e7a5119aa2,uet,400.0,10.0,4096,128,96,4,0.5,4.0,474,32640,0.05,0.05,iid,8.0,0.0,4,2.0,True,1.5,4.0,,1.0,100000000,3600.0,3.006730986666107,357.1127010569627,357.1127010569627,89.27817526424067,134217728,134217728,134217728,134217728,1,468,1.828125,32768,34572,1804,1777,0,0,27,8879,476,0,1804,0,146032128,852384,153519,5.139997685988662,5.36096407253069,1.0550537109375,91.90972550917014,0.5836962123841679,92.12121212121212,0.27142000000003463,
bulk_window,window,bulk,128,1,47,ddb93bef484c8ecf,uet,400.0,10.0,4096,128,96,4,0.5,16.0,1894,32640,0.05,0.05,iid,8.0,0.0,4,2.0,True,1.5,4.0,,1.0,100000000,3600.0,2.973180799999429,361.1424586087083,361.1424586087083,90.28561465217707,134217728,134217728,134217728,134217728,1,488,1.90625,32768,34584,1816,1778,0,0,38,8872,476,0,1816,0,146082816,851712,153426,5.141105713624798,5.365193868349865,1.055419921875,91.8778345565299,0.5830336676970959,92.12121212121212,0.2768620420001753,
wan_large_bulk,wan_window,bulk,1024,1,11,de91d1e04200d299,uet,400.0,1000.0,4096,128,96,4,0.5,8.0,32640,32640,0.05,0.05,iid,8.0,0.0,4,2.0,True,1.5,4.0,,1.0,100000000,3600.0,44.92089599987958,191.22358093709943,191.22358093709943,47.80589523427486,1073741824,1073741824,1073741824,1073741824,1,32611,127.38671875,262144,369116,106972,18168,0,0,88804,160281,8058,0,106960,12,1559145984,15386976,1738967,4.92202993097021,5.027420592584273,1.4080657958984375,68.86730524394565,0.9868848817174005,92.12121212121212,9.62706316599997,
bulk_loss_sweep,loss_sweep,bulk,32,1,11,dfa2559a6ed02977,gbn,400.0,10.0,4096,128,96,4,0.5,8.0,947,32640,0.1,0.1,iid,8.0,0.0,4,2.0,True,1.5,4.0,,1.0,100000000,3600.0,9.549230080026476,28.110690992928276,28.110690992928276,7.027672748232069,33554432,33554432,33554432,33554432,1,0,0.0,8192,111633,103441,11193,0,88283,3965,13420,1309,1267,0,1,471537792,1288320,135956,10.026605036145225,9.754098360655737,13.6270751953125,7.115958162691656,0.2732167011546765,87.27272727272727,0.2624879159993725,7.352028112385507
bulk_window,window,bulk,128,1,101,e123f2401587d90b,uet,400.0,10.0,4096,128,96,4,0.5,1.0,119,32640,0.05,0.05,iid,8.0,0.0,4,2.0,True,1.5,4.0,,1.0,100000000,3600.0,7.569753066668065,141.84634750214155,141.84634750214155,35.46158687553539,134217728,134217728,134217728,134217728,1,118,0.4609375,32768,34603,1835,1782,0,0,53,9951,542,0,1814,21,146163072,955296,163267,5.149842499205271,5.4466887749974875,1.055999755859375,91.82738578455712,0.6535823220792732,92.12121212121212,0.2754862910005613,
scaleout_1g,main,ring_allreduce,1024,8,11,e1ef0720b9597503,gbn,400.0,10.0,4096,128,96,4,0.5,8.0,947,32640,0.0,0.0,iid,8.0,0.0,4,2.0,True,1.5,4.0,,1.0,100000000,3600.0,38.89539583999246,220.8470798789964,386.4823897882437,96.62059744706093,1879048192,15032385536,1073741824,134217728,14,0,0.0,3670016,3670016,0,0,0,0,0,918512,0,0,0,0,15502147584,88177152,5500544,0.0,0.0,1.0,96.96969696969697,0.5688060413707386,96.96969696969697,0.11401679100072215,100.0
scaleout_256m,main,ring_allreduce,256,8,11,e26f28e67c243d8e,uet,400.0,10.0,4096,128,96,4,0.5,8.0,947,32640,0.05,0.05,iid,8.0,0.0,4,2.0,True,1.5,4.0,,1.0,100000000,3600.0,10.756811519998775,199.6394232628745,349.36899071003035,87.34224767750759,469762048,3758096384,268435456,33554432,14,680,2.65625,917504,966700,49196,48293,0,0,900,248504,12518,0,49193,3,4083340800,23856384,4276416,4.9956553222302675,5.0373434632842935,1.053619384765625,92.03484519342594,0.5842369071912881,92.12121212121212,6.506623416999901,91.50359380843736
bulk_loss_sweep,loss_sweep,bulk,32,1,47,e31a134f636cfb76,uet,400.0,10.0,4096,128,96,4,0.5,8.0,947,32640,0.1,0.1,iid,8.0,0.0,4,2.0,True,1.5,4.0,,1.0,100000000,3600.0,0.8118157866665685,330.6605518257218,330.6605518257218,82.66513795643046,33554432,33554432,33554432,33554432,1,791,3.08984375,8192,9170,978,937,0,0,41,2410,259,0,978,0,38734080,231360,40077,10.218102508178845,10.746887966804978,1.119384765625,86.62767258187105,0.5973034598988798,87.27272727272727,0.06026645800011465,86.60364722479625
scaleout_256m,main,ring_allreduce,256,8,71,e3e497cba6128e6e,gbn,400.0,10.0,4096,128,96,4,0.5,8.0,947,32640,0.05,0.05,iid,8.0,0.0,4,2.0,True,1.5,4.0,,1.0,100000000,3600.0,75.94514176007327,28.276774501051744,49.484355376840554,12.371088844210139,469762048,3758096384,268435456,33554432,14,0,0.0,917504,6615504,5698000,330441,0,4922147,445412,1427071,71010,70091,0,42,27943888896,136998816,9323217,4.994948230701697,4.975926215303934,7.2103271484375,13.448723611758808,0.4902639589996744,92.12121212121212,17.775282832999437,12.9420643535703
scaleout_32m,main,ring_allreduce,32,8,71,e3f164ea150bfeaa,gbn,400.0,10.0,4096,128,96,4,0.5,8.0,947,32640,0.05,0.05,iid,8.0,0.0,4,2.0,True,1.5,4.0,,1.0,100000000,3600.0,10.842559999998999,24.757571643599373,43.3257503762989,10.831437594074725,58720256,469762048,33554432,4194304,14,0,0.0,114688,795357,680669,39575,0,591545,49549,170750,8457,8576,0,45,3359587968,16392000,1126416,4.975753026628294,4.9528550512445095,6.934962681361607,13.982728015294523,0.48791697541881424,92.12121212121212,2.053040833000523,12.461375911225081
wan_fixed_window,wan_window,bulk,128,1,29,e41da6a49476efa3,uet,400.0,1000.0,4096,128,96,4,0.5,8.0,32640,32640,0.05,0.05,iid,8.0,0.0,4,2.0,True,1.5,4.0,,1.0,100000000,3600.0,8.109349439999496,132.40788696362634,132.40788696362634,33.101971740906585,134217728,134217728,134217728,134217728,1,31555,123.26171875,32768,45569,12801,2186,0,0,10615,19715,966,0,12801,0,192483456,1892640,217842,4.7971208497004545,4.899822470200355,1.390655517578125,69.72948781634511,0.9832741157764748,92.12121212121212,0.6062727500002438,
scaleout_32m,main,ring_allreduce,32,8,71,e460d9323515a5d6,uet,400.0,10.0,4096,128,96,4,0.5,8.0,947,32640,0.05,0.05,iid,8.0,0.0,4,2.0,True,1.5,4.0,,1.0,100000000,3600.0,1.8506008533333358,145.05313531899068,253.8429868082337,63.46074670205842,58720256,469762048,33554432,4194304,14,506,1.9765625,114688,120990,6302,6142,0,0,159,31582,1566,0,6302,0,511061760,3031872,523907,5.07645259938838,4.958520676334621,1.0549490792410714,91.91884127663944,0.5932496299468777,92.12121212121212,0.7659485829999539,73.76696911930524
bulk_window,window,bulk,128,1,47,e97a298cbdde9c9c,uet,400.0,10.0,4096,128,96,4,0.5,2.0,237,32640,0.05,0.05,iid,8.0,0.0,4,2.0,True,1.5,4.0,,1.0,100000000,3600.0,4.429357333333488,242.41481171985575,242.41481171985575,60.60370292996393,134217728,134217728,134217728,134217728,1,236,0.921875,32768,34647,1879,1782,0,0,97,9372,504,0,1875,4,146348928,899712,158124,5.1433024504286085,5.377720870678617,1.057342529296875,91.71076948373684,0.6147718417178977,92.12121212121212,0.2736197079993872,
bulk_window,window,bulk,128,1,11,eacb6e360324ba89,uet,400.0,10.0,4096,128,96,4,0.5,16.0,1894,32640,0.05,0.05,iid,8.0,0.0,4,2.0,True,1.5,4.0,,1.0,100000000,3600.0,2.936563093332767,365.64575317242304,365.64575317242304,91.41143829310576,134217728,134217728,134217728,134217728,1,513,2.00390625,32768,34471,1703,1671,0,0,32,8840,430,0,1703,0,145605504,848640,152880,4.847553015578312,4.864253393665158,1.051971435546875,92.17902092492328,0.5828351104090131,92.12121212121212,0.2657931659996393,
bulk_loss_sweep,loss_sweep,bulk,32,1,101,ebc242a156ded309,uet,400.0,10.0,4096,128,96,4,0.5,8.0,947,32640,0.05,0.05,iid,8.0,0.0,4,2.0,True,1.5,4.0,,1.0,100000000,3600.0,0.7565941333332442,354.79452479678,354.79452479678,88.698631199195,33554432,33554432,33554432,33554432,1,496,1.9375,8192,8667,475,465,0,0,10,2234,122,0,475,0,36609408,214464,38268,5.365178262374524,5.461056401074306,1.0579833984375,91.65521605812364,0.5858166294303366,92.12121212121212,0.05735045799974614,92.92460105426878
bulk_loss_sweep,loss_sweep,bulk,32,1,29,ebcbc0ab5314cdfd,gbn,400.0,10.0,4096,128,96,4,0.5,8.0,947,32640,0.01,0.01,iid,8.0,0.0,4,2.0,True,1.5,4.0,,1.0,100000000,3600.0,1.8127539199996767,148.08157524218615,148.08157524218615,37.02039381054654,33554432,33554432,33554432,33554432,1,0,0.0,8192,21227,13035,198,0,9171,3666,10050,107,144,0,0,89662848,964800,40996,0.9327742968860414,1.064676616915423,2.5911865234375,37.42289337050726,1.0760309554298342,96.0,0.08214054200016108,38.729033888948635
trim_fast,recovery,bulk,32,1,47,edf572d23109f910,uet,400.0,10.0,4096,128,96,4,0.5,8.0,947,32640,0.0,0.05,iid,8.0,0.05,4,2.0,True,1.5,4.0,,1.0,100000000,3600.0,0.7477898666665784,358.9717753151754,358.9717753151754,89.74294382879386,33554432,33554432,33554432,33554432,1,451,1.76171875,8192,8637,445,0,441,0,4,2525,149,441,445,0,36482688,242400,38954,0.0,5.900990099009901,1.0543212890625,91.97357387701257,0.6644247265990927,92.12121212121212,0.058110083999963535,
bulk_window,window,bulk,128,1,101,f42e3a6cdd23a340,uet,400.0,10.0,4096,128,96,4,0.5,16.0,1894,32640,0.05,0.05,iid,8.0,0.0,4,2.0,True,1.5,4.0,,1.0,100000000,3600.0,2.946053119999428,364.4679102053015,364.4679102053015,91.11697755132538,134217728,134217728,134217728,134217728,1,511,1.99609375,32768,34580,1812,1780,0,0,32,8871,492,0,1812,0,146065920,851616,153162,5.147484094852516,5.546161650321271,1.0552978515625,91.8884624147782,0.5830353856669647,92.12121212121212,0.2682977080003184,
bulk_window,window,bulk,128,1,71,f45638d49a8d74ef,uet,400.0,10.0,4096,128,96,4,0.5,16.0,1894,32640,0.05,0.05,iid,8.0,0.0,4,2.0,True,1.5,4.0,,1.0,100000000,3600.0,2.9406555733327626,365.13688775291877,365.13688775291877,91.28422193822969,134217728,134217728,134217728,134217728,1,665,2.59765625,32768,34515,1747,1714,0,0,33,8852,409,0,1747,0,145791360,849792,153029,4.96595683036361,4.620424762765476,1.053314208984375,92.06151036659512,0.582882277797532,92.12121212121212,0.26529608399960125,
bulk_mtu,mtu,bulk,32,1,101,f4f72a3085a9e23a,uet,400.0,10.0,1024,128,96,4,0.5,8.0,3473,32640,0.05,0.05,iid,8.0,0.0,4,2.0,True,1.5,4.0,,1.0,100000000,3600.0,0.8380707200002331,320.3016757343883,320.3016757343883,80.07541893359708,33554432,33554432,33554432,33554432,1,2445,2.3876953125,32768,34929,2161,1800,0,0,361,9088,499,0,2174,0,40238208,872448,154898,5.15331100231899,5.490757042253521,1.065948486328125,83.38947897480922,2.168207888383101,84.44444444444444,0.28346412500013685,
bulk_loss_sweep,loss_sweep,bulk,32,1,29,f594e8ac66c4c336,uet,400.0,10.0,4096,128,96,4,0.5,8.0,947,32640,0.01,0.01,iid,8.0,0.0,4,2.0,True,1.5,4.0,,1.0,100000000,3600.0,0.717320106666586,374.2198963966448,374.2198963966448,93.5549740991612,33554432,33554432,33554432,33554432,1,338,1.3203125,8192,8266,74,74,0,0,0,2077,25,0,74,0,34915584,199392,36880,0.8952334865714977,1.203659123736158,1.009033203125,96.10159177059734,0.5710687812066956,96.0,0.05733662500006176,98.0123202271683
bulk_loss_sweep,loss_sweep,bulk,32,1,71,f6be0a1902120f80,gbn,400.0,10.0,4096,128,96,4,0.5,8.0,947,32640,0.01,0.01,iid,8.0,0.0,4,2.0,True,1.5,4.0,,1.0,100000000,3600.0,1.6399590399997128,163.6842442113963,163.6842442113963,40.921061052849076,33554432,33554432,33554432,33554432,1,0,0.0,8192,19294,11102,193,0,7531,3378,9212,78,123,0,0,81497856,884352,37475,1.0003109775059604,0.8467216673903604,2.355224609375,41.172165314385694,1.0851230245860701,96.0,0.09283437500016589,42.809732613812265
metro_32m,main,ring_allreduce,32,8,29,f70fa0596c21d4db,uet,400.0,100.0,4096,128,96,4,0.5,8.0,9470,32640,0.05,0.05,iid,8.0,0.0,4,2.0,True,1.5,4.0,,1.0,100000000,3600.0,8.571909120000004,31.315714182466724,54.802499819316765,13.700624954829191,58720256,469762048,33554432,4194304,14,1016,3.96875,114688,120803,6115,5911,0,0,202,33259,1646,0,6109,6,510271872,3192864,525404,4.893090403384022,4.94903635106287,1.0533185686383928,92.06112932676015,0.6257182053726842,92.12121212121212,0.8529017500004556,30.624824916482545
wan_fixed_window,wan_window,bulk,128,1,29,f7c94843ac03fe48,uet,400.0,1000.0,4096,128,96,4,0.5,8.0,512,32640,0.05,0.05,iid,8.0,0.0,4,2.0,True,1.5,4.0,,1.0,100000000,3600.0,198.8690210133149,5.399241262057148,5.399241262057148,1.349810315514287,134217728,134217728,134217728,134217728,1,511,1.99609375,32768,34488,1720,1667,0,0,53,9717,485,0,1715,5,145677312,932832,163557,4.833565298074693,4.991252444170011,1.052490234375,92.13358357408462,0.6403413044853545,92.12121212121212,0.2901085419998708,
bulk_mtu,mtu,bulk,32,1,29,f7f45832245b3227,uet,400.0,10.0,4096,128,96,4,0.5,8.0,947,32640,0.05,0.05,iid,8.0,0.0,4,2.0,True,1.5,4.0,,1.0,100000000,3600.0,0.7693039999999115,348.9328743903982,348.9328743903982,87.23321859759955,33554432,33554432,33554432,33554432,1,497,1.94140625,8192,8644,452,445,0,0,7,2215,100,0,452,0,36512256,212640,38383,5.14807959278112,4.514672686230249,1.05517578125,91.89909273204044,0.5823797905010306,92.12121212121212,0.05862795900065976,
wan_32m,main,ring_allreduce,32,8,101,f7f545f1c5a8f125,gbn,400.0,1000.0,4096,128,96,4,0.5,8.0,32640,32640,0.05,0.05,iid,8.0,0.0,4,2.0,True,1.5,4.0,,1.0,100000000,3600.0,1099.35720575999,0.24417491839190658,0.4273061071858365,0.10682652679645911,58720256,469762048,33554432,4194304,14,0,0.0,114688,3238932,3124244,161543,0,2962663,38,119055,6097,6085,0,313,13681248768,11429280,3573206,4.987539102395481,5.121162487925749,28.241245814732142,3.433619664154915,0.08353974256160532,92.12121212121212,6.671297750000122,1.3836387372823447
bulk_loss_sweep,loss_sweep,bulk,32,1,47,f80edea281797143,uet,400.0,10.0,4096,128,96,4,0.5,8.0,947,32640,0.001,0.001,iid,8.0,0.0,4,2.0,True,1.5,4.0,,1.0,100000000,3600.0,0.7037379199999194,381.44236422563495,381.44236422563495,95.36059105640874,33554432,33554432,33554432,33554432,1,189,0.73828125,8192,8200,8,8,0,0,0,2053,2,0,8,0,34636800,197088,36534,0.0975609756097561,0.0974184120798831,1.0009765625,96.87509238728751,0.5690133037694013,96.87272727272727,0.05553574999976263,99.90396424850888
metro_32m,main,ring_allreduce,32,8,11,fa1751840dab4c43,uet,400.0,100.0,4096,128,96,4,0.5,8.0,9470,32640,0.05,0.05,iid,8.0,0.0,4,2.0,True,1.5,4.0,,1.0,100000000,3600.0,9.430374613333337,28.464983312589382,49.81372079703142,12.453430199257856,58720256,469762048,33554432,4194304,14,1017,3.97265625,114688,120850,6162,5932,0,0,228,33298,1646,0,6157,5,510470400,3196608,532718,4.9085643359536615,4.943239834224277,1.0537283761160714,92.02532566041047,0.6262082972881483,92.12121212121212,0.929233915999248,27.83698705127156
scaleout_32m,main,ring_allreduce,32,8,11,fc6535a4169e2d81,gbn,400.0,10.0,4096,128,96,4,0.5,8.0,947,32640,0.05,0.05,iid,8.0,0.0,4,2.0,True,1.5,4.0,,1.0,100000000,3600.0,11.165524479998911,24.041455148914437,42.07254651060026,10.518136627650065,58720256,469762048,33554432,4194304,14,0,0.0,114688,788478,673790,39403,0,585381,49006,169793,8550,8451,0,51,3330531072,16300128,1117716,4.9973493236336335,5.0355432791693415,6.874982561383929,14.104718972578317,0.48941528085524494,92.12121212121212,2.0086880829994698,12.100928733086555
